[{"model": "admin.logentry", "pk": 1, "fields": {"action_time": "2023-12-24T14:00:24.106Z", "user": 1, "content_type": 4, "object_id": "2", "object_repr": "123", "action_flag": 1, "change_message": "[{\"added\": {}}]"}}, {"model": "admin.logentry", "pk": 2, "fields": {"action_time": "2023-12-24T14:00:47.444Z", "user": 1, "content_type": 4, "object_id": "3", "object_repr": "1234", "action_flag": 1, "change_message": "[{\"added\": {}}]"}}, {"model": "admin.logentry", "pk": 3, "fields": {"action_time": "2023-12-24T14:01:07.371Z", "user": 1, "content_type": 4, "object_id": "3", "object_repr": "1234", "action_flag": 2, "change_message": "[{\"changed\": {\"fields\": [\"Active\", \"Staff status\"]}}]"}}, {"model": "admin.logentry", "pk": 4, "fields": {"action_time": "2023-12-24T14:07:54.840Z", "user": 1, "content_type": 8, "object_id": "1", "object_repr": "Юров АП", "action_flag": 1, "change_message": "[{\"added\": {}}]"}}, {"model": "admin.logentry", "pk": 5, "fields": {"action_time": "2023-12-24T14:08:00.319Z", "user": 1, "content_type": 7, "object_id": "1", "object_repr": "1", "action_flag": 1, "change_message": "[{\"added\": {}}]"}}, {"model": "admin.logentry", "pk": 6, "fields": {"action_time": "2023-12-24T14:11:41.626Z", "user": 1, "content_type": 4, "object_id": "4", "object_repr": "daun", "action_flag": 1, "change_message": "[{\"added\": {}}]"}}, {"model": "admin.logentry", "pk": 7, "fields": {"action_time": "2023-12-24T14:11:42.861Z", "user": 1, "content_type": 8, "object_id": "2", "object_repr": "fktrc", "action_flag": 1, "change_message": "[{\"added\": {}}]"}}, {"model": "admin.logentry", "pk": 8, "fields": {"action_time": "2023-12-24T14:11:49.351Z", "user": 1, "content_type": 7, "object_id": "2", "object_repr": "2", "action_flag": 1, "change_message": "[{\"added\": {}}]"}}, {"model": "admin.logentry", "pk": 9, "fields": {"action_time": "2023-12-24T14:30:33.581Z", "user": 1, "content_type": 4, "object_id": "4", "object_repr": "daun", "action_flag": 2, "change_message": "[{\"changed\": {\"fields\": [\"First name\"]}}]"}}, {"model": "admin.logentry", "pk": 10, "fields": {"action_time": "2023-12-24T14:31:00.833Z", "user": 1, "content_type": 8, "object_id": "3", "object_repr": "фыв", "action_flag": 1, "change_message": "[{\"added\": {}}]"}}, {"model": "admin.logentry", "pk": 11, "fields": {"action_time": "2023-12-24T14:31:02.057Z", "user": 1, "content_type": 9, "object_id": "1", "object_repr": "1", "action_flag": 1, "change_message": "[{\"added\": {}}]"}}, {"model": "admin.logentry", "pk": 12, "fields": {"action_time": "2023-12-24T14:31:23.316Z", "user": 1, "content_type": 10, "object_id": "1", "object_repr": "Timetable object (1)", "action_flag": 1, "change_message": "[{\"added\": {}}]"}}, {"model": "admin.logentry", "pk": 13, "fields": {"action_time": "2023-12-24T14:34:08.731Z", "user": 1, "content_type": 10, "object_id": "1", "object_repr": "Timetable object (1)", "action_flag": 2, "change_message": "[]"}}, {"model": "admin.logentry", "pk": 14, "fields": {"action_time": "2023-12-24T14:58:15.185Z", "user": 1, "content_type": 8, "object_id": "353", "object_repr": "Ivan.L.R", "action_flag": 2, "change_message": "[{\"changed\": {\"fields\": [\"User\"]}}]"}}, {"model": "admin.logentry", "pk": 15, "fields": {"action_time": "2023-12-24T14:59:32.882Z", "user": 1, "content_type": 8, "object_id": "303", "object_repr": "Roman.J.J", "action_flag": 2, "change_message": "[{\"changed\": {\"fields\": [\"User\"]}}]"}}, {"model": "admin.logentry", "pk": 16, "fields": {"action_time": "2023-12-24T14:59:36.243Z", "user": 1, "content_type": 9, "object_id": "301", "object_repr": "301", "action_flag": 2, "change_message": "[]"}}, {"model": "admin.logentry", "pk": 17, "fields": {"action_time": "2023-12-24T15:01:04.141Z", "user": 1, "content_type": 4, "object_id": "2", "object_repr": "123", "action_flag": 3, "change_message": ""}}, {"model": "admin.logentry", "pk": 18, "fields": {"action_time": "2023-12-24T15:01:04.143Z", "user": 1, "content_type": 4, "object_id": "3", "object_repr": "1234", "action_flag": 3, "change_message": ""}}, {"model": "admin.logentry", "pk": 19, "fields": {"action_time": "2023-12-24T15:01:04.145Z", "user": 1, "content_type": 4, "object_id": "4", "object_repr": "daun", "action_flag": 3, "change_message": ""}}, {"model": "auth.permission", "pk": 1, "fields": {"name": "Can add log entry", "content_type": 1, "codename": "add_logentry"}}, {"model": "auth.permission", "pk": 2, "fields": {"name": "Can change log entry", "content_type": 1, "codename": "change_logentry"}}, {"model": "auth.permission", "pk": 3, "fields": {"name": "Can delete log entry", "content_type": 1, "codename": "delete_logentry"}}, {"model": "auth.permission", "pk": 4, "fields": {"name": "Can view log entry", "content_type": 1, "codename": "view_logentry"}}, {"model": "auth.permission", "pk": 5, "fields": {"name": "Can add permission", "content_type": 2, "codename": "add_permission"}}, {"model": "auth.permission", "pk": 6, "fields": {"name": "Can change permission", "content_type": 2, "codename": "change_permission"}}, {"model": "auth.permission", "pk": 7, "fields": {"name": "Can delete permission", "content_type": 2, "codename": "delete_permission"}}, {"model": "auth.permission", "pk": 8, "fields": {"name": "Can view permission", "content_type": 2, "codename": "view_permission"}}, {"model": "auth.permission", "pk": 9, "fields": {"name": "Can add group", "content_type": 3, "codename": "add_group"}}, {"model": "auth.permission", "pk": 10, "fields": {"name": "Can change group", "content_type": 3, "codename": "change_group"}}, {"model": "auth.permission", "pk": 11, "fields": {"name": "Can delete group", "content_type": 3, "codename": "delete_group"}}, {"model": "auth.permission", "pk": 12, "fields": {"name": "Can view group", "content_type": 3, "codename": "view_group"}}, {"model": "auth.permission", "pk": 13, "fields": {"name": "Can add user", "content_type": 4, "codename": "add_user"}}, {"model": "auth.permission", "pk": 14, "fields": {"name": "Can change user", "content_type": 4, "codename": "change_user"}}, {"model": "auth.permission", "pk": 15, "fields": {"name": "Can delete user", "content_type": 4, "codename": "delete_user"}}, {"model": "auth.permission", "pk": 16, "fields": {"name": "Can view user", "content_type": 4, "codename": "view_user"}}, {"model": "auth.permission", "pk": 17, "fields": {"name": "Can add content type", "content_type": 5, "codename": "add_contenttype"}}, {"model": "auth.permission", "pk": 18, "fields": {"name": "Can change content type", "content_type": 5, "codename": "change_contenttype"}}, {"model": "auth.permission", "pk": 19, "fields": {"name": "Can delete content type", "content_type": 5, "codename": "delete_contenttype"}}, {"model": "auth.permission", "pk": 20, "fields": {"name": "Can view content type", "content_type": 5, "codename": "view_contenttype"}}, {"model": "auth.permission", "pk": 21, "fields": {"name": "Can add session", "content_type": 6, "codename": "add_session"}}, {"model": "auth.permission", "pk": 22, "fields": {"name": "Can change session", "content_type": 6, "codename": "change_session"}}, {"model": "auth.permission", "pk": 23, "fields": {"name": "Can delete session", "content_type": 6, "codename": "delete_session"}}, {"model": "auth.permission", "pk": 24, "fields": {"name": "Can view session", "content_type": 6, "codename": "view_session"}}, {"model": "auth.permission", "pk": 25, "fields": {"name": "Can add Контакт", "content_type": 8, "codename": "add_contact"}}, {"model": "auth.permission", "pk": 26, "fields": {"name": "Can change Контакт", "content_type": 8, "codename": "change_contact"}}, {"model": "auth.permission", "pk": 27, "fields": {"name": "Can delete Контакт", "content_type": 8, "codename": "delete_contact"}}, {"model": "auth.permission", "pk": 28, "fields": {"name": "Can view Контакт", "content_type": 8, "codename": "view_contact"}}, {"model": "auth.permission", "pk": 29, "fields": {"name": "Can add Пациент", "content_type": 9, "codename": "add_customers"}}, {"model": "auth.permission", "pk": 30, "fields": {"name": "Can change Пациент", "content_type": 9, "codename": "change_customers"}}, {"model": "auth.permission", "pk": 31, "fields": {"name": "Can delete Пациент", "content_type": 9, "codename": "delete_customers"}}, {"model": "auth.permission", "pk": 32, "fields": {"name": "Can view Пациент", "content_type": 9, "codename": "view_customers"}}, {"model": "auth.permission", "pk": 33, "fields": {"name": "Can add Доктор", "content_type": 7, "codename": "add_doctors"}}, {"model": "auth.permission", "pk": 34, "fields": {"name": "Can change Доктор", "content_type": 7, "codename": "change_doctors"}}, {"model": "auth.permission", "pk": 35, "fields": {"name": "Can delete Доктор", "content_type": 7, "codename": "delete_doctors"}}, {"model": "auth.permission", "pk": 36, "fields": {"name": "Can view Доктор", "content_type": 7, "codename": "view_doctors"}}, {"model": "auth.permission", "pk": 37, "fields": {"name": "Can add Запись", "content_type": 10, "codename": "add_timetable"}}, {"model": "auth.permission", "pk": 38, "fields": {"name": "Can change Запись", "content_type": 10, "codename": "change_timetable"}}, {"model": "auth.permission", "pk": 39, "fields": {"name": "Can delete Запись", "content_type": 10, "codename": "delete_timetable"}}, {"model": "auth.permission", "pk": 40, "fields": {"name": "Can view Запись", "content_type": 10, "codename": "view_timetable"}}, {"model": "auth.permission", "pk": 41, "fields": {"name": "Can add crontab", "content_type": 12, "codename": "add_crontabschedule"}}, {"model": "auth.permission", "pk": 42, "fields": {"name": "Can change crontab", "content_type": 12, "codename": "change_crontabschedule"}}, {"model": "auth.permission", "pk": 43, "fields": {"name": "Can delete crontab", "content_type": 12, "codename": "delete_crontabschedule"}}, {"model": "auth.permission", "pk": 44, "fields": {"name": "Can view crontab", "content_type": 12, "codename": "view_crontabschedule"}}, {"model": "auth.permission", "pk": 45, "fields": {"name": "Can add interval", "content_type": 13, "codename": "add_intervalschedule"}}, {"model": "auth.permission", "pk": 46, "fields": {"name": "Can change interval", "content_type": 13, "codename": "change_intervalschedule"}}, {"model": "auth.permission", "pk": 47, "fields": {"name": "Can delete interval", "content_type": 13, "codename": "delete_intervalschedule"}}, {"model": "auth.permission", "pk": 48, "fields": {"name": "Can view interval", "content_type": 13, "codename": "view_intervalschedule"}}, {"model": "auth.permission", "pk": 49, "fields": {"name": "Can add periodic task", "content_type": 14, "codename": "add_periodictask"}}, {"model": "auth.permission", "pk": 50, "fields": {"name": "Can change periodic task", "content_type": 14, "codename": "change_periodictask"}}, {"model": "auth.permission", "pk": 51, "fields": {"name": "Can delete periodic task", "content_type": 14, "codename": "delete_periodictask"}}, {"model": "auth.permission", "pk": 52, "fields": {"name": "Can view periodic task", "content_type": 14, "codename": "view_periodictask"}}, {"model": "auth.permission", "pk": 53, "fields": {"name": "Can add periodic tasks", "content_type": 15, "codename": "add_periodictasks"}}, {"model": "auth.permission", "pk": 54, "fields": {"name": "Can change periodic tasks", "content_type": 15, "codename": "change_periodictasks"}}, {"model": "auth.permission", "pk": 55, "fields": {"name": "Can delete periodic tasks", "content_type": 15, "codename": "delete_periodictasks"}}, {"model": "auth.permission", "pk": 56, "fields": {"name": "Can view periodic tasks", "content_type": 15, "codename": "view_periodictasks"}}, {"model": "auth.permission", "pk": 57, "fields": {"name": "Can add solar event", "content_type": 16, "codename": "add_solarschedule"}}, {"model": "auth.permission", "pk": 58, "fields": {"name": "Can change solar event", "content_type": 16, "codename": "change_solarschedule"}}, {"model": "auth.permission", "pk": 59, "fields": {"name": "Can delete solar event", "content_type": 16, "codename": "delete_solarschedule"}}, {"model": "auth.permission", "pk": 60, "fields": {"name": "Can view solar event", "content_type": 16, "codename": "view_solarschedule"}}, {"model": "auth.permission", "pk": 61, "fields": {"name": "Can add clocked", "content_type": 11, "codename": "add_clockedschedule"}}, {"model": "auth.permission", "pk": 62, "fields": {"name": "Can change clocked", "content_type": 11, "codename": "change_clockedschedule"}}, {"model": "auth.permission", "pk": 63, "fields": {"name": "Can delete clocked", "content_type": 11, "codename": "delete_clockedschedule"}}, {"model": "auth.permission", "pk": 64, "fields": {"name": "Can view clocked", "content_type": 11, "codename": "view_clockedschedule"}}, {"model": "auth.permission", "pk": 65, "fields": {"name": "Can add task result", "content_type": 17, "codename": "add_taskresult"}}, {"model": "auth.permission", "pk": 66, "fields": {"name": "Can change task result", "content_type": 17, "codename": "change_taskresult"}}, {"model": "auth.permission", "pk": 67, "fields": {"name": "Can delete task result", "content_type": 17, "codename": "delete_taskresult"}}, {"model": "auth.permission", "pk": 68, "fields": {"name": "Can view task result", "content_type": 17, "codename": "view_taskresult"}}, {"model": "auth.permission", "pk": 69, "fields": {"name": "Can add chord counter", "content_type": 18, "codename": "add_chordcounter"}}, {"model": "auth.permission", "pk": 70, "fields": {"name": "Can change chord counter", "content_type": 18, "codename": "change_chordcounter"}}, {"model": "auth.permission", "pk": 71, "fields": {"name": "Can delete chord counter", "content_type": 18, "codename": "delete_chordcounter"}}, {"model": "auth.permission", "pk": 72, "fields": {"name": "Can view chord counter", "content_type": 18, "codename": "view_chordcounter"}}, {"model": "auth.permission", "pk": 73, "fields": {"name": "Can add group result", "content_type": 19, "codename": "add_groupresult"}}, {"model": "auth.permission", "pk": 74, "fields": {"name": "Can change group result", "content_type": 19, "codename": "change_groupresult"}}, {"model": "auth.permission", "pk": 75, "fields": {"name": "Can delete group result", "content_type": 19, "codename": "delete_groupresult"}}, {"model": "auth.permission", "pk": 76, "fields": {"name": "Can view group result", "content_type": 19, "codename": "view_groupresult"}}, {"model": "auth.user", "pk": 1, "fields": {"password": "pbkdf2_sha256$600000$53gB8hc4fqEjjfkiumB7RB$sJQlnRpAnaG2lc4VEm9KsEMywt9VAkL0aGy8vQe4Shw=", "last_login": "2023-12-24T15:02:51.210Z", "is_superuser": true, "username": "dambol2", "first_name": "", "last_name": "", "email": "elitepotatoman@gmail.com", "is_staff": true, "is_active": true, "date_joined": "2023-12-24T13:45:57.157Z", "groups": [], "user_permissions": []}}, {"model": "auth.user", "pk": 5, "fields": {"password": "pbkdf2_sha256$600000$F6DlbBGiYtdzkuk0joS6AY$3chXdkWv0VLo0H1JH2dEE0eaVm/A+cyK8o21XgIMzuE=", "last_login": "2023-12-24T15:38:42.615Z", "is_superuser": false, "username": "astro", "first_name": "Генадий Букин", "last_name": "", "email": "", "is_staff": false, "is_active": true, "date_joined": "2023-12-24T15:02:15.504Z", "groups": [], "user_permissions": []}}, {"model": "contenttypes.contenttype", "pk": 1, "fields": {"app_label": "admin", "model": "logentry"}}, {"model": "contenttypes.contenttype", "pk": 2, "fields": {"app_label": "auth", "model": "permission"}}, {"model": "contenttypes.contenttype", "pk": 3, "fields": {"app_label": "auth", "model": "group"}}, {"model": "contenttypes.contenttype", "pk": 4, "fields": {"app_label": "auth", "model": "user"}}, {"model": "contenttypes.contenttype", "pk": 5, "fields": {"app_label": "contenttypes", "model": "contenttype"}}, {"model": "contenttypes.contenttype", "pk": 6, "fields": {"app_label": "sessions", "model": "session"}}, {"model": "contenttypes.contenttype", "pk": 7, "fields": {"app_label": "homepage", "model": "doctors"}}, {"model": "contenttypes.contenttype", "pk": 8, "fields": {"app_label": "homepage", "model": "contact"}}, {"model": "contenttypes.contenttype", "pk": 9, "fields": {"app_label": "homepage", "model": "customers"}}, {"model": "contenttypes.contenttype", "pk": 10, "fields": {"app_label": "homepage", "model": "timetable"}}, {"model": "contenttypes.contenttype", "pk": 11, "fields": {"app_label": "django_celery_beat", "model": "clockedschedule"}}, {"model": "contenttypes.contenttype", "pk": 12, "fields": {"app_label": "django_celery_beat", "model": "crontabschedule"}}, {"model": "contenttypes.contenttype", "pk": 13, "fields": {"app_label": "django_celery_beat", "model": "intervalschedule"}}, {"model": "contenttypes.contenttype", "pk": 14, "fields": {"app_label": "django_celery_beat", "model": "periodictask"}}, {"model": "contenttypes.contenttype", "pk": 15, "fields": {"app_label": "django_celery_beat", "model": "periodictasks"}}, {"model": "contenttypes.contenttype", "pk": 16, "fields": {"app_label": "django_celery_beat", "model": "solarschedule"}}, {"model": "contenttypes.contenttype", "pk": 17, "fields": {"app_label": "django_celery_results", "model": "taskresult"}}, {"model": "contenttypes.contenttype", "pk": 18, "fields": {"app_label": "django_celery_results", "model": "chordcounter"}}, {"model": "contenttypes.contenttype", "pk": 19, "fields": {"app_label": "django_celery_results", "model": "groupresult"}}, {"model": "sessions.session", "pk": "07uxlankkqsbd1wpuzgaf4d3bqfpf4k9", "fields": {"session_data": ".eJxVjEsOgkAQBe8yazOZX_eAS_eegfR0N4IaSBhYGe-uJCx0-6rqvUxH2zp0W9WlG8WcDZjT71aIHzrtQO403WbL87QuY7G7Yg9a7XUWfV4O9-9goDp8ayzRhUCYgypLzCyUse2bkjGT7xkxQR9dAUbRBL5NkDI0kYqCC17M-wPnGTeq:1rHQYs:NuW2fsVR5cTJ3BgFCBMTLJtVaskPRkPoycAvUfQL8yk", "expire_date": "2024-01-07T15:38:42.617Z"}}, {"model": "sessions.session", "pk": "so6244bbm0ovlzc5nqtitsg2p1ak1qnx", "fields": {"session_data": ".eJxVzM0OwiAQBOB34WwIbKGAR-99BrLLj1QNTUp7Mr67NOlBrzPfzJt53Lfi95ZWP0d2ZcAuvxlheKZ6FPGB9b7wsNRtnYkfhJ9t49MS0-t22r-Dgq30dRYGQVqtXYbg4jiAzAjJqUwOlQqkhTE6D0AorJCaRmHBdhAsdS_Z5wvTTjd0:1rHPvw:3XmRcR2fGtbojXxRZPYfk-jxRyo3v3TKZDeHrmqOlnY", "expire_date": "2024-01-07T14:58:28.057Z"}}, {"model": "homepage.customers", "pk": 2, "fields": {"contact_id": 4}}, {"model": "homepage.customers", "pk": 3, "fields": {"contact_id": 5}}, {"model": "homepage.customers", "pk": 4, "fields": {"contact_id": 6}}, {"model": "homepage.customers", "pk": 5, "fields": {"contact_id": 7}}, {"model": "homepage.customers", "pk": 6, "fields": {"contact_id": 8}}, {"model": "homepage.customers", "pk": 7, "fields": {"contact_id": 9}}, {"model": "homepage.customers", "pk": 8, "fields": {"contact_id": 10}}, {"model": "homepage.customers", "pk": 9, "fields": {"contact_id": 11}}, {"model": "homepage.customers", "pk": 10, "fields": {"contact_id": 12}}, {"model": "homepage.customers", "pk": 11, "fields": {"contact_id": 13}}, {"model": "homepage.customers", "pk": 12, "fields": {"contact_id": 14}}, {"model": "homepage.customers", "pk": 13, "fields": {"contact_id": 15}}, {"model": "homepage.customers", "pk": 14, "fields": {"contact_id": 16}}, {"model": "homepage.customers", "pk": 15, "fields": {"contact_id": 17}}, {"model": "homepage.customers", "pk": 16, "fields": {"contact_id": 18}}, {"model": "homepage.customers", "pk": 17, "fields": {"contact_id": 19}}, {"model": "homepage.customers", "pk": 18, "fields": {"contact_id": 20}}, {"model": "homepage.customers", "pk": 19, "fields": {"contact_id": 21}}, {"model": "homepage.customers", "pk": 20, "fields": {"contact_id": 22}}, {"model": "homepage.customers", "pk": 21, "fields": {"contact_id": 23}}, {"model": "homepage.customers", "pk": 22, "fields": {"contact_id": 24}}, {"model": "homepage.customers", "pk": 23, "fields": {"contact_id": 25}}, {"model": "homepage.customers", "pk": 24, "fields": {"contact_id": 26}}, {"model": "homepage.customers", "pk": 25, "fields": {"contact_id": 27}}, {"model": "homepage.customers", "pk": 26, "fields": {"contact_id": 28}}, {"model": "homepage.customers", "pk": 27, "fields": {"contact_id": 29}}, {"model": "homepage.customers", "pk": 28, "fields": {"contact_id": 30}}, {"model": "homepage.customers", "pk": 29, "fields": {"contact_id": 31}}, {"model": "homepage.customers", "pk": 30, "fields": {"contact_id": 32}}, {"model": "homepage.customers", "pk": 31, "fields": {"contact_id": 33}}, {"model": "homepage.customers", "pk": 32, "fields": {"contact_id": 34}}, {"model": "homepage.customers", "pk": 33, "fields": {"contact_id": 35}}, {"model": "homepage.customers", "pk": 34, "fields": {"contact_id": 36}}, {"model": "homepage.customers", "pk": 35, "fields": {"contact_id": 37}}, {"model": "homepage.customers", "pk": 36, "fields": {"contact_id": 38}}, {"model": "homepage.customers", "pk": 37, "fields": {"contact_id": 39}}, {"model": "homepage.customers", "pk": 38, "fields": {"contact_id": 40}}, {"model": "homepage.customers", "pk": 39, "fields": {"contact_id": 41}}, {"model": "homepage.customers", "pk": 40, "fields": {"contact_id": 42}}, {"model": "homepage.customers", "pk": 41, "fields": {"contact_id": 43}}, {"model": "homepage.customers", "pk": 42, "fields": {"contact_id": 44}}, {"model": "homepage.customers", "pk": 43, "fields": {"contact_id": 45}}, {"model": "homepage.customers", "pk": 44, "fields": {"contact_id": 46}}, {"model": "homepage.customers", "pk": 45, "fields": {"contact_id": 47}}, {"model": "homepage.customers", "pk": 46, "fields": {"contact_id": 48}}, {"model": "homepage.customers", "pk": 47, "fields": {"contact_id": 49}}, {"model": "homepage.customers", "pk": 48, "fields": {"contact_id": 50}}, {"model": "homepage.customers", "pk": 49, "fields": {"contact_id": 51}}, {"model": "homepage.customers", "pk": 50, "fields": {"contact_id": 52}}, {"model": "homepage.customers", "pk": 51, "fields": {"contact_id": 53}}, {"model": "homepage.customers", "pk": 52, "fields": {"contact_id": 54}}, {"model": "homepage.customers", "pk": 53, "fields": {"contact_id": 55}}, {"model": "homepage.customers", "pk": 54, "fields": {"contact_id": 56}}, {"model": "homepage.customers", "pk": 55, "fields": {"contact_id": 57}}, {"model": "homepage.customers", "pk": 56, "fields": {"contact_id": 58}}, {"model": "homepage.customers", "pk": 57, "fields": {"contact_id": 59}}, {"model": "homepage.customers", "pk": 58, "fields": {"contact_id": 60}}, {"model": "homepage.customers", "pk": 59, "fields": {"contact_id": 61}}, {"model": "homepage.customers", "pk": 60, "fields": {"contact_id": 62}}, {"model": "homepage.customers", "pk": 61, "fields": {"contact_id": 63}}, {"model": "homepage.customers", "pk": 62, "fields": {"contact_id": 64}}, {"model": "homepage.customers", "pk": 63, "fields": {"contact_id": 65}}, {"model": "homepage.customers", "pk": 64, "fields": {"contact_id": 66}}, {"model": "homepage.customers", "pk": 65, "fields": {"contact_id": 67}}, {"model": "homepage.customers", "pk": 66, "fields": {"contact_id": 68}}, {"model": "homepage.customers", "pk": 67, "fields": {"contact_id": 69}}, {"model": "homepage.customers", "pk": 68, "fields": {"contact_id": 70}}, {"model": "homepage.customers", "pk": 69, "fields": {"contact_id": 71}}, {"model": "homepage.customers", "pk": 70, "fields": {"contact_id": 72}}, {"model": "homepage.customers", "pk": 71, "fields": {"contact_id": 73}}, {"model": "homepage.customers", "pk": 72, "fields": {"contact_id": 74}}, {"model": "homepage.customers", "pk": 73, "fields": {"contact_id": 75}}, {"model": "homepage.customers", "pk": 74, "fields": {"contact_id": 76}}, {"model": "homepage.customers", "pk": 75, "fields": {"contact_id": 77}}, {"model": "homepage.customers", "pk": 76, "fields": {"contact_id": 78}}, {"model": "homepage.customers", "pk": 77, "fields": {"contact_id": 79}}, {"model": "homepage.customers", "pk": 78, "fields": {"contact_id": 80}}, {"model": "homepage.customers", "pk": 79, "fields": {"contact_id": 81}}, {"model": "homepage.customers", "pk": 80, "fields": {"contact_id": 82}}, {"model": "homepage.customers", "pk": 81, "fields": {"contact_id": 83}}, {"model": "homepage.customers", "pk": 82, "fields": {"contact_id": 84}}, {"model": "homepage.customers", "pk": 83, "fields": {"contact_id": 85}}, {"model": "homepage.customers", "pk": 84, "fields": {"contact_id": 86}}, {"model": "homepage.customers", "pk": 85, "fields": {"contact_id": 87}}, {"model": "homepage.customers", "pk": 86, "fields": {"contact_id": 88}}, {"model": "homepage.customers", "pk": 87, "fields": {"contact_id": 89}}, {"model": "homepage.customers", "pk": 88, "fields": {"contact_id": 90}}, {"model": "homepage.customers", "pk": 89, "fields": {"contact_id": 91}}, {"model": "homepage.customers", "pk": 90, "fields": {"contact_id": 92}}, {"model": "homepage.customers", "pk": 91, "fields": {"contact_id": 93}}, {"model": "homepage.customers", "pk": 92, "fields": {"contact_id": 94}}, {"model": "homepage.customers", "pk": 93, "fields": {"contact_id": 95}}, {"model": "homepage.customers", "pk": 94, "fields": {"contact_id": 96}}, {"model": "homepage.customers", "pk": 95, "fields": {"contact_id": 97}}, {"model": "homepage.customers", "pk": 96, "fields": {"contact_id": 98}}, {"model": "homepage.customers", "pk": 97, "fields": {"contact_id": 99}}, {"model": "homepage.customers", "pk": 98, "fields": {"contact_id": 100}}, {"model": "homepage.customers", "pk": 99, "fields": {"contact_id": 101}}, {"model": "homepage.customers", "pk": 100, "fields": {"contact_id": 102}}, {"model": "homepage.customers", "pk": 101, "fields": {"contact_id": 103}}, {"model": "homepage.customers", "pk": 102, "fields": {"contact_id": 104}}, {"model": "homepage.customers", "pk": 103, "fields": {"contact_id": 105}}, {"model": "homepage.customers", "pk": 104, "fields": {"contact_id": 106}}, {"model": "homepage.customers", "pk": 105, "fields": {"contact_id": 107}}, {"model": "homepage.customers", "pk": 106, "fields": {"contact_id": 108}}, {"model": "homepage.customers", "pk": 107, "fields": {"contact_id": 109}}, {"model": "homepage.customers", "pk": 108, "fields": {"contact_id": 110}}, {"model": "homepage.customers", "pk": 109, "fields": {"contact_id": 111}}, {"model": "homepage.customers", "pk": 110, "fields": {"contact_id": 112}}, {"model": "homepage.customers", "pk": 111, "fields": {"contact_id": 113}}, {"model": "homepage.customers", "pk": 112, "fields": {"contact_id": 114}}, {"model": "homepage.customers", "pk": 113, "fields": {"contact_id": 115}}, {"model": "homepage.customers", "pk": 114, "fields": {"contact_id": 116}}, {"model": "homepage.customers", "pk": 115, "fields": {"contact_id": 117}}, {"model": "homepage.customers", "pk": 116, "fields": {"contact_id": 118}}, {"model": "homepage.customers", "pk": 117, "fields": {"contact_id": 119}}, {"model": "homepage.customers", "pk": 118, "fields": {"contact_id": 120}}, {"model": "homepage.customers", "pk": 119, "fields": {"contact_id": 121}}, {"model": "homepage.customers", "pk": 120, "fields": {"contact_id": 122}}, {"model": "homepage.customers", "pk": 121, "fields": {"contact_id": 123}}, {"model": "homepage.customers", "pk": 122, "fields": {"contact_id": 124}}, {"model": "homepage.customers", "pk": 123, "fields": {"contact_id": 125}}, {"model": "homepage.customers", "pk": 124, "fields": {"contact_id": 126}}, {"model": "homepage.customers", "pk": 125, "fields": {"contact_id": 127}}, {"model": "homepage.customers", "pk": 126, "fields": {"contact_id": 128}}, {"model": "homepage.customers", "pk": 127, "fields": {"contact_id": 129}}, {"model": "homepage.customers", "pk": 128, "fields": {"contact_id": 130}}, {"model": "homepage.customers", "pk": 129, "fields": {"contact_id": 131}}, {"model": "homepage.customers", "pk": 130, "fields": {"contact_id": 132}}, {"model": "homepage.customers", "pk": 131, "fields": {"contact_id": 133}}, {"model": "homepage.customers", "pk": 132, "fields": {"contact_id": 134}}, {"model": "homepage.customers", "pk": 133, "fields": {"contact_id": 135}}, {"model": "homepage.customers", "pk": 134, "fields": {"contact_id": 136}}, {"model": "homepage.customers", "pk": 135, "fields": {"contact_id": 137}}, {"model": "homepage.customers", "pk": 136, "fields": {"contact_id": 138}}, {"model": "homepage.customers", "pk": 137, "fields": {"contact_id": 139}}, {"model": "homepage.customers", "pk": 138, "fields": {"contact_id": 140}}, {"model": "homepage.customers", "pk": 139, "fields": {"contact_id": 141}}, {"model": "homepage.customers", "pk": 140, "fields": {"contact_id": 142}}, {"model": "homepage.customers", "pk": 141, "fields": {"contact_id": 143}}, {"model": "homepage.customers", "pk": 142, "fields": {"contact_id": 144}}, {"model": "homepage.customers", "pk": 143, "fields": {"contact_id": 145}}, {"model": "homepage.customers", "pk": 144, "fields": {"contact_id": 146}}, {"model": "homepage.customers", "pk": 145, "fields": {"contact_id": 147}}, {"model": "homepage.customers", "pk": 146, "fields": {"contact_id": 148}}, {"model": "homepage.customers", "pk": 147, "fields": {"contact_id": 149}}, {"model": "homepage.customers", "pk": 148, "fields": {"contact_id": 150}}, {"model": "homepage.customers", "pk": 149, "fields": {"contact_id": 151}}, {"model": "homepage.customers", "pk": 150, "fields": {"contact_id": 152}}, {"model": "homepage.customers", "pk": 151, "fields": {"contact_id": 153}}, {"model": "homepage.customers", "pk": 152, "fields": {"contact_id": 154}}, {"model": "homepage.customers", "pk": 153, "fields": {"contact_id": 155}}, {"model": "homepage.customers", "pk": 154, "fields": {"contact_id": 156}}, {"model": "homepage.customers", "pk": 155, "fields": {"contact_id": 157}}, {"model": "homepage.customers", "pk": 156, "fields": {"contact_id": 158}}, {"model": "homepage.customers", "pk": 157, "fields": {"contact_id": 159}}, {"model": "homepage.customers", "pk": 158, "fields": {"contact_id": 160}}, {"model": "homepage.customers", "pk": 159, "fields": {"contact_id": 161}}, {"model": "homepage.customers", "pk": 160, "fields": {"contact_id": 162}}, {"model": "homepage.customers", "pk": 161, "fields": {"contact_id": 163}}, {"model": "homepage.customers", "pk": 162, "fields": {"contact_id": 164}}, {"model": "homepage.customers", "pk": 163, "fields": {"contact_id": 165}}, {"model": "homepage.customers", "pk": 164, "fields": {"contact_id": 166}}, {"model": "homepage.customers", "pk": 165, "fields": {"contact_id": 167}}, {"model": "homepage.customers", "pk": 166, "fields": {"contact_id": 168}}, {"model": "homepage.customers", "pk": 167, "fields": {"contact_id": 169}}, {"model": "homepage.customers", "pk": 168, "fields": {"contact_id": 170}}, {"model": "homepage.customers", "pk": 169, "fields": {"contact_id": 171}}, {"model": "homepage.customers", "pk": 170, "fields": {"contact_id": 172}}, {"model": "homepage.customers", "pk": 171, "fields": {"contact_id": 173}}, {"model": "homepage.customers", "pk": 172, "fields": {"contact_id": 174}}, {"model": "homepage.customers", "pk": 173, "fields": {"contact_id": 175}}, {"model": "homepage.customers", "pk": 174, "fields": {"contact_id": 176}}, {"model": "homepage.customers", "pk": 175, "fields": {"contact_id": 177}}, {"model": "homepage.customers", "pk": 176, "fields": {"contact_id": 178}}, {"model": "homepage.customers", "pk": 177, "fields": {"contact_id": 179}}, {"model": "homepage.customers", "pk": 178, "fields": {"contact_id": 180}}, {"model": "homepage.customers", "pk": 179, "fields": {"contact_id": 181}}, {"model": "homepage.customers", "pk": 180, "fields": {"contact_id": 182}}, {"model": "homepage.customers", "pk": 181, "fields": {"contact_id": 183}}, {"model": "homepage.customers", "pk": 182, "fields": {"contact_id": 184}}, {"model": "homepage.customers", "pk": 183, "fields": {"contact_id": 185}}, {"model": "homepage.customers", "pk": 184, "fields": {"contact_id": 186}}, {"model": "homepage.customers", "pk": 185, "fields": {"contact_id": 187}}, {"model": "homepage.customers", "pk": 186, "fields": {"contact_id": 188}}, {"model": "homepage.customers", "pk": 187, "fields": {"contact_id": 189}}, {"model": "homepage.customers", "pk": 188, "fields": {"contact_id": 190}}, {"model": "homepage.customers", "pk": 189, "fields": {"contact_id": 191}}, {"model": "homepage.customers", "pk": 190, "fields": {"contact_id": 192}}, {"model": "homepage.customers", "pk": 191, "fields": {"contact_id": 193}}, {"model": "homepage.customers", "pk": 192, "fields": {"contact_id": 194}}, {"model": "homepage.customers", "pk": 193, "fields": {"contact_id": 195}}, {"model": "homepage.customers", "pk": 194, "fields": {"contact_id": 196}}, {"model": "homepage.customers", "pk": 195, "fields": {"contact_id": 197}}, {"model": "homepage.customers", "pk": 196, "fields": {"contact_id": 198}}, {"model": "homepage.customers", "pk": 197, "fields": {"contact_id": 199}}, {"model": "homepage.customers", "pk": 198, "fields": {"contact_id": 200}}, {"model": "homepage.customers", "pk": 199, "fields": {"contact_id": 201}}, {"model": "homepage.customers", "pk": 200, "fields": {"contact_id": 202}}, {"model": "homepage.customers", "pk": 201, "fields": {"contact_id": 203}}, {"model": "homepage.customers", "pk": 202, "fields": {"contact_id": 204}}, {"model": "homepage.customers", "pk": 203, "fields": {"contact_id": 205}}, {"model": "homepage.customers", "pk": 204, "fields": {"contact_id": 206}}, {"model": "homepage.customers", "pk": 205, "fields": {"contact_id": 207}}, {"model": "homepage.customers", "pk": 206, "fields": {"contact_id": 208}}, {"model": "homepage.customers", "pk": 207, "fields": {"contact_id": 209}}, {"model": "homepage.customers", "pk": 208, "fields": {"contact_id": 210}}, {"model": "homepage.customers", "pk": 209, "fields": {"contact_id": 211}}, {"model": "homepage.customers", "pk": 210, "fields": {"contact_id": 212}}, {"model": "homepage.customers", "pk": 211, "fields": {"contact_id": 213}}, {"model": "homepage.customers", "pk": 212, "fields": {"contact_id": 214}}, {"model": "homepage.customers", "pk": 213, "fields": {"contact_id": 215}}, {"model": "homepage.customers", "pk": 214, "fields": {"contact_id": 216}}, {"model": "homepage.customers", "pk": 215, "fields": {"contact_id": 217}}, {"model": "homepage.customers", "pk": 216, "fields": {"contact_id": 218}}, {"model": "homepage.customers", "pk": 217, "fields": {"contact_id": 219}}, {"model": "homepage.customers", "pk": 218, "fields": {"contact_id": 220}}, {"model": "homepage.customers", "pk": 219, "fields": {"contact_id": 221}}, {"model": "homepage.customers", "pk": 220, "fields": {"contact_id": 222}}, {"model": "homepage.customers", "pk": 221, "fields": {"contact_id": 223}}, {"model": "homepage.customers", "pk": 222, "fields": {"contact_id": 224}}, {"model": "homepage.customers", "pk": 223, "fields": {"contact_id": 225}}, {"model": "homepage.customers", "pk": 224, "fields": {"contact_id": 226}}, {"model": "homepage.customers", "pk": 225, "fields": {"contact_id": 227}}, {"model": "homepage.customers", "pk": 226, "fields": {"contact_id": 228}}, {"model": "homepage.customers", "pk": 227, "fields": {"contact_id": 229}}, {"model": "homepage.customers", "pk": 228, "fields": {"contact_id": 230}}, {"model": "homepage.customers", "pk": 229, "fields": {"contact_id": 231}}, {"model": "homepage.customers", "pk": 230, "fields": {"contact_id": 232}}, {"model": "homepage.customers", "pk": 231, "fields": {"contact_id": 233}}, {"model": "homepage.customers", "pk": 232, "fields": {"contact_id": 234}}, {"model": "homepage.customers", "pk": 233, "fields": {"contact_id": 235}}, {"model": "homepage.customers", "pk": 234, "fields": {"contact_id": 236}}, {"model": "homepage.customers", "pk": 235, "fields": {"contact_id": 237}}, {"model": "homepage.customers", "pk": 236, "fields": {"contact_id": 238}}, {"model": "homepage.customers", "pk": 237, "fields": {"contact_id": 239}}, {"model": "homepage.customers", "pk": 238, "fields": {"contact_id": 240}}, {"model": "homepage.customers", "pk": 239, "fields": {"contact_id": 241}}, {"model": "homepage.customers", "pk": 240, "fields": {"contact_id": 242}}, {"model": "homepage.customers", "pk": 241, "fields": {"contact_id": 243}}, {"model": "homepage.customers", "pk": 242, "fields": {"contact_id": 244}}, {"model": "homepage.customers", "pk": 243, "fields": {"contact_id": 245}}, {"model": "homepage.customers", "pk": 244, "fields": {"contact_id": 246}}, {"model": "homepage.customers", "pk": 245, "fields": {"contact_id": 247}}, {"model": "homepage.customers", "pk": 246, "fields": {"contact_id": 248}}, {"model": "homepage.customers", "pk": 247, "fields": {"contact_id": 249}}, {"model": "homepage.customers", "pk": 248, "fields": {"contact_id": 250}}, {"model": "homepage.customers", "pk": 249, "fields": {"contact_id": 251}}, {"model": "homepage.customers", "pk": 250, "fields": {"contact_id": 252}}, {"model": "homepage.customers", "pk": 251, "fields": {"contact_id": 253}}, {"model": "homepage.customers", "pk": 252, "fields": {"contact_id": 254}}, {"model": "homepage.customers", "pk": 253, "fields": {"contact_id": 255}}, {"model": "homepage.customers", "pk": 254, "fields": {"contact_id": 256}}, {"model": "homepage.customers", "pk": 255, "fields": {"contact_id": 257}}, {"model": "homepage.customers", "pk": 256, "fields": {"contact_id": 258}}, {"model": "homepage.customers", "pk": 257, "fields": {"contact_id": 259}}, {"model": "homepage.customers", "pk": 258, "fields": {"contact_id": 260}}, {"model": "homepage.customers", "pk": 259, "fields": {"contact_id": 261}}, {"model": "homepage.customers", "pk": 260, "fields": {"contact_id": 262}}, {"model": "homepage.customers", "pk": 261, "fields": {"contact_id": 263}}, {"model": "homepage.customers", "pk": 262, "fields": {"contact_id": 264}}, {"model": "homepage.customers", "pk": 263, "fields": {"contact_id": 265}}, {"model": "homepage.customers", "pk": 264, "fields": {"contact_id": 266}}, {"model": "homepage.customers", "pk": 265, "fields": {"contact_id": 267}}, {"model": "homepage.customers", "pk": 266, "fields": {"contact_id": 268}}, {"model": "homepage.customers", "pk": 267, "fields": {"contact_id": 269}}, {"model": "homepage.customers", "pk": 268, "fields": {"contact_id": 270}}, {"model": "homepage.customers", "pk": 269, "fields": {"contact_id": 271}}, {"model": "homepage.customers", "pk": 270, "fields": {"contact_id": 272}}, {"model": "homepage.customers", "pk": 271, "fields": {"contact_id": 273}}, {"model": "homepage.customers", "pk": 272, "fields": {"contact_id": 274}}, {"model": "homepage.customers", "pk": 273, "fields": {"contact_id": 275}}, {"model": "homepage.customers", "pk": 274, "fields": {"contact_id": 276}}, {"model": "homepage.customers", "pk": 275, "fields": {"contact_id": 277}}, {"model": "homepage.customers", "pk": 276, "fields": {"contact_id": 278}}, {"model": "homepage.customers", "pk": 277, "fields": {"contact_id": 279}}, {"model": "homepage.customers", "pk": 278, "fields": {"contact_id": 280}}, {"model": "homepage.customers", "pk": 279, "fields": {"contact_id": 281}}, {"model": "homepage.customers", "pk": 280, "fields": {"contact_id": 282}}, {"model": "homepage.customers", "pk": 281, "fields": {"contact_id": 283}}, {"model": "homepage.customers", "pk": 282, "fields": {"contact_id": 284}}, {"model": "homepage.customers", "pk": 283, "fields": {"contact_id": 285}}, {"model": "homepage.customers", "pk": 284, "fields": {"contact_id": 286}}, {"model": "homepage.customers", "pk": 285, "fields": {"contact_id": 287}}, {"model": "homepage.customers", "pk": 286, "fields": {"contact_id": 288}}, {"model": "homepage.customers", "pk": 287, "fields": {"contact_id": 289}}, {"model": "homepage.customers", "pk": 288, "fields": {"contact_id": 290}}, {"model": "homepage.customers", "pk": 289, "fields": {"contact_id": 291}}, {"model": "homepage.customers", "pk": 290, "fields": {"contact_id": 292}}, {"model": "homepage.customers", "pk": 291, "fields": {"contact_id": 293}}, {"model": "homepage.customers", "pk": 292, "fields": {"contact_id": 294}}, {"model": "homepage.customers", "pk": 293, "fields": {"contact_id": 295}}, {"model": "homepage.customers", "pk": 294, "fields": {"contact_id": 296}}, {"model": "homepage.customers", "pk": 295, "fields": {"contact_id": 297}}, {"model": "homepage.customers", "pk": 296, "fields": {"contact_id": 298}}, {"model": "homepage.customers", "pk": 297, "fields": {"contact_id": 299}}, {"model": "homepage.customers", "pk": 298, "fields": {"contact_id": 300}}, {"model": "homepage.customers", "pk": 299, "fields": {"contact_id": 301}}, {"model": "homepage.customers", "pk": 300, "fields": {"contact_id": 302}}, {"model": "homepage.customers", "pk": 302, "fields": {"contact_id": 354}}, {"model": "homepage.contact", "pk": 4, "fields": {"sfc": "Ivan.J.S", "phone_num": "79378091105", "address": "Lenin st. 96", "user": null}}, {"model": "homepage.contact", "pk": 5, "fields": {"sfc": "Julia.E.J", "phone_num": "79709008275", "address": "July st. 39", "user": null}}, {"model": "homepage.contact", "pk": 6, "fields": {"sfc": "Roman.A.I", "phone_num": "79206814900", "address": "Lenin st. 6", "user": null}}, {"model": "homepage.contact", "pk": 7, "fields": {"sfc": "Lida.I.L", "phone_num": "79812219343", "address": "Romanovs st. 94", "user": null}}, {"model": "homepage.contact", "pk": 8, "fields": {"sfc": "Galina.A.E", "phone_num": "79229377247", "address": "Romanovs st. 50", "user": null}}, {"model": "homepage.contact", "pk": 9, "fields": {"sfc": "Roman.N.S", "phone_num": "79988386267", "address": "Lenin st. 17", "user": null}}, {"model": "homepage.contact", "pk": 10, "fields": {"sfc": "Lida.N.E", "phone_num": "79408715433", "address": "Story st. 61", "user": null}}, {"model": "homepage.contact", "pk": 11, "fields": {"sfc": "Roman.A.I", "phone_num": "79264304098", "address": "Irtal st. 76", "user": null}}, {"model": "homepage.contact", "pk": 12, "fields": {"sfc": "Ivan.N.I", "phone_num": "79873441839", "address": "Sovet st. 8", "user": null}}, {"model": "homepage.contact", "pk": 13, "fields": {"sfc": "Julia.I.J", "phone_num": "79832319873", "address": "Noviy st. 58", "user": null}}, {"model": "homepage.contact", "pk": 14, "fields": {"sfc": "Sofia.I.N", "phone_num": "79000050739", "address": "Irtal st. 20", "user": null}}, {"model": "homepage.contact", "pk": 15, "fields": {"sfc": "Irina.S.R", "phone_num": "79203388472", "address": "Story st. 61", "user": null}}, {"model": "homepage.contact", "pk": 16, "fields": {"sfc": "Anastasia.R.J", "phone_num": "79283878834", "address": "Ivanov st. 3", "user": null}}, {"model": "homepage.contact", "pk": 17, "fields": {"sfc": "Galina.G.L", "phone_num": "79723845157", "address": "Sovet st. 1", "user": null}}, {"model": "homepage.contact", "pk": 18, "fields": {"sfc": "Irina.I.S", "phone_num": "79354354506", "address": "Sovet st. 51", "user": null}}, {"model": "homepage.contact", "pk": 19, "fields": {"sfc": "Anastasia.I.A", "phone_num": "79313594899", "address": "Irtal st. 36", "user": null}}, {"model": "homepage.contact", "pk": 20, "fields": {"sfc": "Julia.A.E", "phone_num": "79791335260", "address": "Ivanov st. 60", "user": null}}, {"model": "homepage.contact", "pk": 21, "fields": {"sfc": "Lida.S.I", "phone_num": "79763864603", "address": "July st. 70", "user": null}}, {"model": "homepage.contact", "pk": 22, "fields": {"sfc": "Roman.N.N", "phone_num": "79134611521", "address": "Noviy st. 17", "user": null}}, {"model": "homepage.contact", "pk": 23, "fields": {"sfc": "Nikolay.L.L", "phone_num": "79073274251", "address": "July st. 70", "user": null}}, {"model": "homepage.contact", "pk": 24, "fields": {"sfc": "Sofia.N.N", "phone_num": "79216853646", "address": "Glory st. 16", "user": null}}, {"model": "homepage.contact", "pk": 25, "fields": {"sfc": "Ivan.G.I", "phone_num": "79473783048", "address": "Sovet st. 33", "user": null}}, {"model": "homepage.contact", "pk": 26, "fields": {"sfc": "Julia.I.I", "phone_num": "79780072432", "address": "Irtal st. 84", "user": null}}, {"model": "homepage.contact", "pk": 27, "fields": {"sfc": "Sofia.E.J", "phone_num": "79563614144", "address": "Lenin st. 91", "user": null}}, {"model": "homepage.contact", "pk": 28, "fields": {"sfc": "Irina.N.N", "phone_num": "79387328435", "address": "July st. 43", "user": null}}, {"model": "homepage.contact", "pk": 29, "fields": {"sfc": "Nikolay.N.I", "phone_num": "79797553060", "address": "Irtal st. 2", "user": null}}, {"model": "homepage.contact", "pk": 30, "fields": {"sfc": "Ivan.A.A", "phone_num": "79766696964", "address": "Ivanov st. 43", "user": null}}, {"model": "homepage.contact", "pk": 31, "fields": {"sfc": "Irina.E.E", "phone_num": "79542779069", "address": "Story st. 56", "user": null}}, {"model": "homepage.contact", "pk": 32, "fields": {"sfc": "Lida.I.I", "phone_num": "79534973502", "address": "Noviy st. 59", "user": null}}, {"model": "homepage.contact", "pk": 33, "fields": {"sfc": "Sofia.N.S", "phone_num": "79689865612", "address": "Lenin st. 12", "user": null}}, {"model": "homepage.contact", "pk": 34, "fields": {"sfc": "Irina.A.J", "phone_num": "79865535745", "address": "Noviy st. 27", "user": null}}, {"model": "homepage.contact", "pk": 35, "fields": {"sfc": "Roman.A.N", "phone_num": "79375547083", "address": "Story st. 44", "user": null}}, {"model": "homepage.contact", "pk": 36, "fields": {"sfc": "Galina.A.S", "phone_num": "79924333258", "address": "Sovet st. 45", "user": null}}, {"model": "homepage.contact", "pk": 37, "fields": {"sfc": "Galina.I.R", "phone_num": "79352808455", "address": "Urban st. 91", "user": null}}, {"model": "homepage.contact", "pk": 38, "fields": {"sfc": "Roman.J.I", "phone_num": "79573341443", "address": "Sovet st. 14", "user": null}}, {"model": "homepage.contact", "pk": 39, "fields": {"sfc": "Julia.R.G", "phone_num": "79031475025", "address": "Lenin st. 3", "user": null}}, {"model": "homepage.contact", "pk": 40, "fields": {"sfc": "Galina.G.I", "phone_num": "79849890342", "address": "Romanovs st. 50", "user": null}}, {"model": "homepage.contact", "pk": 41, "fields": {"sfc": "Sofia.I.E", "phone_num": "79792250533", "address": "Glory st. 29", "user": null}}, {"model": "homepage.contact", "pk": 42, "fields": {"sfc": "Sofia.R.J", "phone_num": "79294823495", "address": "Sovet st. 67", "user": null}}, {"model": "homepage.contact", "pk": 43, "fields": {"sfc": "Sofia.R.G", "phone_num": "79040835682", "address": "July st. 15", "user": null}}, {"model": "homepage.contact", "pk": 44, "fields": {"sfc": "Julia.N.S", "phone_num": "79667027273", "address": "Noviy st. 100", "user": null}}, {"model": "homepage.contact", "pk": 45, "fields": {"sfc": "Galina.N.S", "phone_num": "79545092619", "address": "Romanovs st. 62", "user": null}}, {"model": "homepage.contact", "pk": 46, "fields": {"sfc": "Eduard.N.J", "phone_num": "79803387438", "address": "Romanovs st. 89", "user": null}}, {"model": "homepage.contact", "pk": 47, "fields": {"sfc": "Galina.I.S", "phone_num": "79804624513", "address": "Urban st. 85", "user": null}}, {"model": "homepage.contact", "pk": 48, "fields": {"sfc": "Sofia.G.G", "phone_num": "79179042676", "address": "Glory st. 99", "user": null}}, {"model": "homepage.contact", "pk": 49, "fields": {"sfc": "Roman.S.L", "phone_num": "79693889775", "address": "Urban st. 33", "user": null}}, {"model": "homepage.contact", "pk": 50, "fields": {"sfc": "Julia.R.L", "phone_num": "79068929579", "address": "July st. 100", "user": null}}, {"model": "homepage.contact", "pk": 51, "fields": {"sfc": "Ivan.E.A", "phone_num": "79789157253", "address": "Urban st. 61", "user": null}}, {"model": "homepage.contact", "pk": 52, "fields": {"sfc": "Lida.G.N", "phone_num": "79572783700", "address": "Glory st. 23", "user": null}}, {"model": "homepage.contact", "pk": 53, "fields": {"sfc": "Roman.S.A", "phone_num": "79558273494", "address": "Noviy st. 76", "user": null}}, {"model": "homepage.contact", "pk": 54, "fields": {"sfc": "Sofia.I.I", "phone_num": "79911489125", "address": "Lenin st. 56", "user": null}}, {"model": "homepage.contact", "pk": 55, "fields": {"sfc": "Eduard.J.J", "phone_num": "79752171183", "address": "July st. 94", "user": null}}, {"model": "homepage.contact", "pk": 56, "fields": {"sfc": "Roman.I.J", "phone_num": "79514252761", "address": "Ivanov st. 88", "user": null}}, {"model": "homepage.contact", "pk": 57, "fields": {"sfc": "Nikolay.L.A", "phone_num": "79482566516", "address": "Noviy st. 42", "user": null}}, {"model": "homepage.contact", "pk": 58, "fields": {"sfc": "Roman.A.A", "phone_num": "79547875646", "address": "Sovet st. 70", "user": null}}, {"model": "homepage.contact", "pk": 59, "fields": {"sfc": "Lida.L.E", "phone_num": "79465600091", "address": "Glory st. 42", "user": null}}, {"model": "homepage.contact", "pk": 60, "fields": {"sfc": "Sofia.E.J", "phone_num": "79392345742", "address": "Noviy st. 63", "user": null}}, {"model": "homepage.contact", "pk": 61, "fields": {"sfc": "Sofia.L.S", "phone_num": "79597690500", "address": "Ivanov st. 61", "user": null}}, {"model": "homepage.contact", "pk": 62, "fields": {"sfc": "Sofia.E.I", "phone_num": "79051201828", "address": "Story st. 94", "user": null}}, {"model": "homepage.contact", "pk": 63, "fields": {"sfc": "Irina.A.G", "phone_num": "79189259068", "address": "Irtal st. 66", "user": null}}, {"model": "homepage.contact", "pk": 64, "fields": {"sfc": "Roman.S.G", "phone_num": "79546753946", "address": "Glory st. 90", "user": null}}, {"model": "homepage.contact", "pk": 65, "fields": {"sfc": "Roman.I.G", "phone_num": "79578353205", "address": "July st. 9", "user": null}}, {"model": "homepage.contact", "pk": 66, "fields": {"sfc": "Sofia.A.S", "phone_num": "79275449763", "address": "Glory st. 65", "user": null}}, {"model": "homepage.contact", "pk": 67, "fields": {"sfc": "Julia.S.G", "phone_num": "79114950325", "address": "Sovet st. 49", "user": null}}, {"model": "homepage.contact", "pk": 68, "fields": {"sfc": "Ivan.S.J", "phone_num": "79498931390", "address": "July st. 66", "user": null}}, {"model": "homepage.contact", "pk": 69, "fields": {"sfc": "Anastasia.J.E", "phone_num": "79062066751", "address": "Sovet st. 33", "user": null}}, {"model": "homepage.contact", "pk": 70, "fields": {"sfc": "Ivan.J.G", "phone_num": "79424345274", "address": "Noviy st. 46", "user": null}}, {"model": "homepage.contact", "pk": 71, "fields": {"sfc": "Ivan.J.R", "phone_num": "79636021216", "address": "Romanovs st. 66", "user": null}}, {"model": "homepage.contact", "pk": 72, "fields": {"sfc": "Galina.G.I", "phone_num": "79065630395", "address": "July st. 26", "user": null}}, {"model": "homepage.contact", "pk": 73, "fields": {"sfc": "Ivan.A.L", "phone_num": "79509677184", "address": "Ivanov st. 41", "user": null}}, {"model": "homepage.contact", "pk": 74, "fields": {"sfc": "Sofia.I.I", "phone_num": "79000395576", "address": "Romanovs st. 18", "user": null}}, {"model": "homepage.contact", "pk": 75, "fields": {"sfc": "Irina.G.I", "phone_num": "79624105628", "address": "Glory st. 23", "user": null}}, {"model": "homepage.contact", "pk": 76, "fields": {"sfc": "Lida.I.N", "phone_num": "79667242854", "address": "Irtal st. 21", "user": null}}, {"model": "homepage.contact", "pk": 77, "fields": {"sfc": "Lida.I.A", "phone_num": "79611723086", "address": "Urban st. 2", "user": null}}, {"model": "homepage.contact", "pk": 78, "fields": {"sfc": "Anastasia.S.L", "phone_num": "79001643570", "address": "Lenin st. 83", "user": null}}, {"model": "homepage.contact", "pk": 79, "fields": {"sfc": "Eduard.I.R", "phone_num": "79834005430", "address": "Story st. 46", "user": null}}, {"model": "homepage.contact", "pk": 80, "fields": {"sfc": "Roman.L.S", "phone_num": "79469659600", "address": "July st. 59", "user": null}}, {"model": "homepage.contact", "pk": 81, "fields": {"sfc": "Sofia.I.N", "phone_num": "79087514747", "address": "July st. 30", "user": null}}, {"model": "homepage.contact", "pk": 82, "fields": {"sfc": "Eduard.J.J", "phone_num": "79505232801", "address": "Lenin st. 36", "user": null}}, {"model": "homepage.contact", "pk": 83, "fields": {"sfc": "Anastasia.N.J", "phone_num": "79341575172", "address": "Sovet st. 39", "user": null}}, {"model": "homepage.contact", "pk": 84, "fields": {"sfc": "Julia.N.I", "phone_num": "79187292631", "address": "Irtal st. 85", "user": null}}, {"model": "homepage.contact", "pk": 85, "fields": {"sfc": "Galina.I.E", "phone_num": "79648155673", "address": "Noviy st. 30", "user": null}}, {"model": "homepage.contact", "pk": 86, "fields": {"sfc": "Roman.J.I", "phone_num": "79450207018", "address": "Irtal st. 32", "user": null}}, {"model": "homepage.contact", "pk": 87, "fields": {"sfc": "Galina.I.I", "phone_num": "79644521040", "address": "Irtal st. 48", "user": null}}, {"model": "homepage.contact", "pk": 88, "fields": {"sfc": "Eduard.I.G", "phone_num": "79330088934", "address": "Sovet st. 43", "user": null}}, {"model": "homepage.contact", "pk": 89, "fields": {"sfc": "Lida.E.A", "phone_num": "79894807132", "address": "Sovet st. 99", "user": null}}, {"model": "homepage.contact", "pk": 90, "fields": {"sfc": "Sofia.J.G", "phone_num": "79993580567", "address": "Urban st. 42", "user": null}}, {"model": "homepage.contact", "pk": 91, "fields": {"sfc": "Anastasia.G.E", "phone_num": "79907477543", "address": "Story st. 13", "user": null}}, {"model": "homepage.contact", "pk": 92, "fields": {"sfc": "Lida.I.R", "phone_num": "79173931972", "address": "Lenin st. 21", "user": null}}, {"model": "homepage.contact", "pk": 93, "fields": {"sfc": "Ivan.R.J", "phone_num": "79388770762", "address": "Ivanov st. 64", "user": null}}, {"model": "homepage.contact", "pk": 94, "fields": {"sfc": "Irina.I.S", "phone_num": "79394327643", "address": "Lenin st. 68", "user": null}}, {"model": "homepage.contact", "pk": 95, "fields": {"sfc": "Ivan.J.J", "phone_num": "79609177550", "address": "Irtal st. 87", "user": null}}, {"model": "homepage.contact", "pk": 96, "fields": {"sfc": "Irina.I.I", "phone_num": "79583453157", "address": "Lenin st. 51", "user": null}}, {"model": "homepage.contact", "pk": 97, "fields": {"sfc": "Lida.J.A", "phone_num": "79061415289", "address": "Glory st. 40", "user": null}}, {"model": "homepage.contact", "pk": 98, "fields": {"sfc": "Julia.A.I", "phone_num": "79559689906", "address": "Glory st. 7", "user": null}}, {"model": "homepage.contact", "pk": 99, "fields": {"sfc": "Roman.R.N", "phone_num": "79445525489", "address": "Sovet st. 43", "user": null}}, {"model": "homepage.contact", "pk": 100, "fields": {"sfc": "Nikolay.L.S", "phone_num": "79888831606", "address": "Sovet st. 14", "user": null}}, {"model": "homepage.contact", "pk": 101, "fields": {"sfc": "Nikolay.G.J", "phone_num": "79012112249", "address": "Lenin st. 82", "user": null}}, {"model": "homepage.contact", "pk": 102, "fields": {"sfc": "Galina.J.A", "phone_num": "79712655665", "address": "Lenin st. 41", "user": null}}, {"model": "homepage.contact", "pk": 103, "fields": {"sfc": "Sofia.L.S", "phone_num": "79757855618", "address": "July st. 60", "user": null}}, {"model": "homepage.contact", "pk": 104, "fields": {"sfc": "Lida.L.N", "phone_num": "79141304750", "address": "Sovet st. 49", "user": null}}, {"model": "homepage.contact", "pk": 105, "fields": {"sfc": "Eduard.G.I", "phone_num": "79311022331", "address": "Glory st. 74", "user": null}}, {"model": "homepage.contact", "pk": 106, "fields": {"sfc": "Eduard.E.J", "phone_num": "79862559672", "address": "July st. 62", "user": null}}, {"model": "homepage.contact", "pk": 107, "fields": {"sfc": "Irina.I.I", "phone_num": "79995593261", "address": "Romanovs st. 79", "user": null}}, {"model": "homepage.contact", "pk": 108, "fields": {"sfc": "Galina.I.J", "phone_num": "79881447484", "address": "Noviy st. 42", "user": null}}, {"model": "homepage.contact", "pk": 109, "fields": {"sfc": "Sofia.L.I", "phone_num": "79782702127", "address": "July st. 52", "user": null}}, {"model": "homepage.contact", "pk": 110, "fields": {"sfc": "Nikolay.S.N", "phone_num": "79938994930", "address": "Urban st. 32", "user": null}}, {"model": "homepage.contact", "pk": 111, "fields": {"sfc": "Roman.E.L", "phone_num": "79646057801", "address": "July st. 40", "user": null}}, {"model": "homepage.contact", "pk": 112, "fields": {"sfc": "Galina.J.G", "phone_num": "79111817537", "address": "Urban st. 13", "user": null}}, {"model": "homepage.contact", "pk": 113, "fields": {"sfc": "Ivan.G.L", "phone_num": "79942144462", "address": "Romanovs st. 15", "user": null}}, {"model": "homepage.contact", "pk": 114, "fields": {"sfc": "Anastasia.E.J", "phone_num": "79804276975", "address": "Glory st. 2", "user": null}}, {"model": "homepage.contact", "pk": 115, "fields": {"sfc": "Eduard.G.J", "phone_num": "79422809224", "address": "Romanovs st. 54", "user": null}}, {"model": "homepage.contact", "pk": 116, "fields": {"sfc": "Lida.R.A", "phone_num": "79384813461", "address": "Sovet st. 43", "user": null}}, {"model": "homepage.contact", "pk": 117, "fields": {"sfc": "Sofia.G.L", "phone_num": "79231292151", "address": "Romanovs st. 89", "user": null}}, {"model": "homepage.contact", "pk": 118, "fields": {"sfc": "Julia.A.E", "phone_num": "79975421792", "address": "Irtal st. 34", "user": null}}, {"model": "homepage.contact", "pk": 119, "fields": {"sfc": "Nikolay.I.E", "phone_num": "79642390968", "address": "Glory st. 62", "user": null}}, {"model": "homepage.contact", "pk": 120, "fields": {"sfc": "Eduard.J.R", "phone_num": "79657734655", "address": "Story st. 95", "user": null}}, {"model": "homepage.contact", "pk": 121, "fields": {"sfc": "Julia.R.E", "phone_num": "79225633456", "address": "Noviy st. 66", "user": null}}, {"model": "homepage.contact", "pk": 122, "fields": {"sfc": "Eduard.L.R", "phone_num": "79292184855", "address": "July st. 31", "user": null}}, {"model": "homepage.contact", "pk": 123, "fields": {"sfc": "Julia.A.E", "phone_num": "79291008416", "address": "Story st. 67", "user": null}}, {"model": "homepage.contact", "pk": 124, "fields": {"sfc": "Roman.N.G", "phone_num": "79991000966", "address": "July st. 19", "user": null}}, {"model": "homepage.contact", "pk": 125, "fields": {"sfc": "Irina.G.N", "phone_num": "79415988897", "address": "Glory st. 21", "user": null}}, {"model": "homepage.contact", "pk": 126, "fields": {"sfc": "Julia.I.J", "phone_num": "79409225102", "address": "Story st. 19", "user": null}}, {"model": "homepage.contact", "pk": 127, "fields": {"sfc": "Lida.A.A", "phone_num": "79926457297", "address": "Glory st. 21", "user": null}}, {"model": "homepage.contact", "pk": 128, "fields": {"sfc": "Sofia.J.I", "phone_num": "79131332106", "address": "Irtal st. 40", "user": null}}, {"model": "homepage.contact", "pk": 129, "fields": {"sfc": "Sofia.J.J", "phone_num": "79116650505", "address": "Ivanov st. 38", "user": null}}, {"model": "homepage.contact", "pk": 130, "fields": {"sfc": "Ivan.E.L", "phone_num": "79780192302", "address": "Ivanov st. 52", "user": null}}, {"model": "homepage.contact", "pk": 131, "fields": {"sfc": "Irina.S.R", "phone_num": "79148679672", "address": "Romanovs st. 65", "user": null}}, {"model": "homepage.contact", "pk": 132, "fields": {"sfc": "Lida.E.I", "phone_num": "79654747620", "address": "Urban st. 51", "user": null}}, {"model": "homepage.contact", "pk": 133, "fields": {"sfc": "Sofia.J.I", "phone_num": "79162314258", "address": "Irtal st. 21", "user": null}}, {"model": "homepage.contact", "pk": 134, "fields": {"sfc": "Irina.N.N", "phone_num": "79013939725", "address": "Glory st. 2", "user": null}}, {"model": "homepage.contact", "pk": 135, "fields": {"sfc": "Julia.R.R", "phone_num": "79983460578", "address": "Urban st. 14", "user": null}}, {"model": "homepage.contact", "pk": 136, "fields": {"sfc": "Julia.L.A", "phone_num": "79607487906", "address": "Irtal st. 96", "user": null}}, {"model": "homepage.contact", "pk": 137, "fields": {"sfc": "Nikolay.N.A", "phone_num": "79828059686", "address": "Ivanov st. 47", "user": null}}, {"model": "homepage.contact", "pk": 138, "fields": {"sfc": "Galina.I.G", "phone_num": "79799474425", "address": "Sovet st. 89", "user": null}}, {"model": "homepage.contact", "pk": 139, "fields": {"sfc": "Sofia.J.S", "phone_num": "79920991312", "address": "Noviy st. 79", "user": null}}, {"model": "homepage.contact", "pk": 140, "fields": {"sfc": "Galina.R.S", "phone_num": "79607668860", "address": "Lenin st. 56", "user": null}}, {"model": "homepage.contact", "pk": 141, "fields": {"sfc": "Julia.R.R", "phone_num": "79995479538", "address": "Ivanov st. 1", "user": null}}, {"model": "homepage.contact", "pk": 142, "fields": {"sfc": "Anastasia.R.E", "phone_num": "79141097450", "address": "Irtal st. 63", "user": null}}, {"model": "homepage.contact", "pk": 143, "fields": {"sfc": "Nikolay.J.A", "phone_num": "79466172550", "address": "Urban st. 26", "user": null}}, {"model": "homepage.contact", "pk": 144, "fields": {"sfc": "Ivan.I.N", "phone_num": "79500808616", "address": "July st. 39", "user": null}}, {"model": "homepage.contact", "pk": 145, "fields": {"sfc": "Galina.S.R", "phone_num": "79469357683", "address": "Sovet st. 60", "user": null}}, {"model": "homepage.contact", "pk": 146, "fields": {"sfc": "Lida.I.R", "phone_num": "79386426446", "address": "Lenin st. 27", "user": null}}, {"model": "homepage.contact", "pk": 147, "fields": {"sfc": "Nikolay.I.E", "phone_num": "79818845238", "address": "Ivanov st. 75", "user": null}}, {"model": "homepage.contact", "pk": 148, "fields": {"sfc": "Anastasia.I.S", "phone_num": "79658420890", "address": "Noviy st. 73", "user": null}}, {"model": "homepage.contact", "pk": 149, "fields": {"sfc": "Nikolay.J.A", "phone_num": "79722065783", "address": "Lenin st. 19", "user": null}}, {"model": "homepage.contact", "pk": 150, "fields": {"sfc": "Nikolay.S.I", "phone_num": "79934126509", "address": "Lenin st. 18", "user": null}}, {"model": "homepage.contact", "pk": 151, "fields": {"sfc": "Nikolay.L.I", "phone_num": "79827921104", "address": "Sovet st. 77", "user": null}}, {"model": "homepage.contact", "pk": 152, "fields": {"sfc": "Galina.G.J", "phone_num": "79833170289", "address": "Sovet st. 51", "user": null}}, {"model": "homepage.contact", "pk": 153, "fields": {"sfc": "Irina.R.L", "phone_num": "79129869366", "address": "July st. 70", "user": null}}, {"model": "homepage.contact", "pk": 154, "fields": {"sfc": "Irina.J.E", "phone_num": "79881505894", "address": "Glory st. 21", "user": null}}, {"model": "homepage.contact", "pk": 155, "fields": {"sfc": "Ivan.J.L", "phone_num": "79032546054", "address": "Glory st. 61", "user": null}}, {"model": "homepage.contact", "pk": 156, "fields": {"sfc": "Julia.N.N", "phone_num": "79377345114", "address": "Ivanov st. 100", "user": null}}, {"model": "homepage.contact", "pk": 157, "fields": {"sfc": "Anastasia.S.S", "phone_num": "79688763392", "address": "Urban st. 13", "user": null}}, {"model": "homepage.contact", "pk": 158, "fields": {"sfc": "Lida.L.L", "phone_num": "79151182615", "address": "Urban st. 95", "user": null}}, {"model": "homepage.contact", "pk": 159, "fields": {"sfc": "Galina.I.R", "phone_num": "79320229413", "address": "July st. 69", "user": null}}, {"model": "homepage.contact", "pk": 160, "fields": {"sfc": "Julia.L.E", "phone_num": "79757073863", "address": "Irtal st. 73", "user": null}}, {"model": "homepage.contact", "pk": 161, "fields": {"sfc": "Nikolay.G.L", "phone_num": "79354298153", "address": "Lenin st. 60", "user": null}}, {"model": "homepage.contact", "pk": 162, "fields": {"sfc": "Eduard.G.E", "phone_num": "79389579811", "address": "Ivanov st. 64", "user": null}}, {"model": "homepage.contact", "pk": 163, "fields": {"sfc": "Galina.I.G", "phone_num": "79198786712", "address": "Glory st. 98", "user": null}}, {"model": "homepage.contact", "pk": 164, "fields": {"sfc": "Anastasia.L.N", "phone_num": "79221759420", "address": "July st. 76", "user": null}}, {"model": "homepage.contact", "pk": 165, "fields": {"sfc": "Julia.I.J", "phone_num": "79722680931", "address": "Glory st. 86", "user": null}}, {"model": "homepage.contact", "pk": 166, "fields": {"sfc": "Irina.S.S", "phone_num": "79228196021", "address": "Romanovs st. 90", "user": null}}, {"model": "homepage.contact", "pk": 167, "fields": {"sfc": "Sofia.L.R", "phone_num": "79857530494", "address": "July st. 58", "user": null}}, {"model": "homepage.contact", "pk": 168, "fields": {"sfc": "Lida.I.R", "phone_num": "79903132478", "address": "Irtal st. 45", "user": null}}, {"model": "homepage.contact", "pk": 169, "fields": {"sfc": "Eduard.A.S", "phone_num": "79342572132", "address": "Sovet st. 53", "user": null}}, {"model": "homepage.contact", "pk": 170, "fields": {"sfc": "Ivan.I.S", "phone_num": "79537738860", "address": "Irtal st. 55", "user": null}}, {"model": "homepage.contact", "pk": 171, "fields": {"sfc": "Eduard.I.L", "phone_num": "79895876378", "address": "Urban st. 14", "user": null}}, {"model": "homepage.contact", "pk": 172, "fields": {"sfc": "Irina.E.A", "phone_num": "79254426152", "address": "Lenin st. 1", "user": null}}, {"model": "homepage.contact", "pk": 173, "fields": {"sfc": "Nikolay.E.L", "phone_num": "79505951228", "address": "Noviy st. 50", "user": null}}, {"model": "homepage.contact", "pk": 174, "fields": {"sfc": "Eduard.N.S", "phone_num": "79024149690", "address": "Ivanov st. 97", "user": null}}, {"model": "homepage.contact", "pk": 175, "fields": {"sfc": "Irina.E.I", "phone_num": "79680373619", "address": "Irtal st. 67", "user": null}}, {"model": "homepage.contact", "pk": 176, "fields": {"sfc": "Eduard.A.E", "phone_num": "79651022390", "address": "Irtal st. 41", "user": null}}, {"model": "homepage.contact", "pk": 177, "fields": {"sfc": "Sofia.E.A", "phone_num": "79229897325", "address": "Glory st. 6", "user": null}}, {"model": "homepage.contact", "pk": 178, "fields": {"sfc": "Julia.R.N", "phone_num": "79546621181", "address": "Irtal st. 12", "user": null}}, {"model": "homepage.contact", "pk": 179, "fields": {"sfc": "Nikolay.R.G", "phone_num": "79681281331", "address": "Noviy st. 37", "user": null}}, {"model": "homepage.contact", "pk": 180, "fields": {"sfc": "Galina.N.N", "phone_num": "79440922394", "address": "Noviy st. 28", "user": null}}, {"model": "homepage.contact", "pk": 181, "fields": {"sfc": "Anastasia.A.A", "phone_num": "79738321277", "address": "Sovet st. 94", "user": null}}, {"model": "homepage.contact", "pk": 182, "fields": {"sfc": "Sofia.S.J", "phone_num": "79736080364", "address": "Lenin st. 9", "user": null}}, {"model": "homepage.contact", "pk": 183, "fields": {"sfc": "Lida.J.I", "phone_num": "79699731448", "address": "Irtal st. 69", "user": null}}, {"model": "homepage.contact", "pk": 184, "fields": {"sfc": "Roman.E.S", "phone_num": "79525773840", "address": "Ivanov st. 50", "user": null}}, {"model": "homepage.contact", "pk": 185, "fields": {"sfc": "Roman.I.I", "phone_num": "79755269133", "address": "July st. 40", "user": null}}, {"model": "homepage.contact", "pk": 186, "fields": {"sfc": "Roman.J.A", "phone_num": "79819051736", "address": "Irtal st. 2", "user": null}}, {"model": "homepage.contact", "pk": 187, "fields": {"sfc": "Nikolay.E.N", "phone_num": "79648968292", "address": "Irtal st. 16", "user": null}}, {"model": "homepage.contact", "pk": 188, "fields": {"sfc": "Sofia.A.N", "phone_num": "79592169833", "address": "Ivanov st. 96", "user": null}}, {"model": "homepage.contact", "pk": 189, "fields": {"sfc": "Sofia.I.I", "phone_num": "79519949904", "address": "Irtal st. 90", "user": null}}, {"model": "homepage.contact", "pk": 190, "fields": {"sfc": "Irina.E.I", "phone_num": "79391422271", "address": "Sovet st. 50", "user": null}}, {"model": "homepage.contact", "pk": 191, "fields": {"sfc": "Galina.E.R", "phone_num": "79343724514", "address": "Lenin st. 50", "user": null}}, {"model": "homepage.contact", "pk": 192, "fields": {"sfc": "Nikolay.J.G", "phone_num": "79480505817", "address": "Sovet st. 12", "user": null}}, {"model": "homepage.contact", "pk": 193, "fields": {"sfc": "Ivan.S.J", "phone_num": "79567463957", "address": "Noviy st. 35", "user": null}}, {"model": "homepage.contact", "pk": 194, "fields": {"sfc": "Nikolay.N.R", "phone_num": "79572191920", "address": "July st. 71", "user": null}}, {"model": "homepage.contact", "pk": 195, "fields": {"sfc": "Julia.J.S", "phone_num": "79549158782", "address": "Irtal st. 89", "user": null}}, {"model": "homepage.contact", "pk": 196, "fields": {"sfc": "Galina.A.I", "phone_num": "79148268809", "address": "Romanovs st. 59", "user": null}}, {"model": "homepage.contact", "pk": 197, "fields": {"sfc": "Julia.L.I", "phone_num": "79922421650", "address": "Sovet st. 89", "user": null}}, {"model": "homepage.contact", "pk": 198, "fields": {"sfc": "Lida.G.E", "phone_num": "79867291644", "address": "Romanovs st. 48", "user": null}}, {"model": "homepage.contact", "pk": 199, "fields": {"sfc": "Eduard.J.R", "phone_num": "79578026167", "address": "Romanovs st. 100", "user": null}}, {"model": "homepage.contact", "pk": 200, "fields": {"sfc": "Galina.A.G", "phone_num": "79980060175", "address": "Irtal st. 98", "user": null}}, {"model": "homepage.contact", "pk": 201, "fields": {"sfc": "Roman.E.E", "phone_num": "79247877038", "address": "Ivanov st. 35", "user": null}}, {"model": "homepage.contact", "pk": 202, "fields": {"sfc": "Irina.I.N", "phone_num": "79166791275", "address": "Noviy st. 31", "user": null}}, {"model": "homepage.contact", "pk": 203, "fields": {"sfc": "Irina.I.I", "phone_num": "79104023428", "address": "July st. 62", "user": null}}, {"model": "homepage.contact", "pk": 204, "fields": {"sfc": "Sofia.I.R", "phone_num": "79722270696", "address": "Sovet st. 75", "user": null}}, {"model": "homepage.contact", "pk": 205, "fields": {"sfc": "Eduard.N.E", "phone_num": "79604311375", "address": "Urban st. 56", "user": null}}, {"model": "homepage.contact", "pk": 206, "fields": {"sfc": "Nikolay.A.I", "phone_num": "79243082404", "address": "Noviy st. 32", "user": null}}, {"model": "homepage.contact", "pk": 207, "fields": {"sfc": "Eduard.E.E", "phone_num": "79337883736", "address": "Sovet st. 47", "user": null}}, {"model": "homepage.contact", "pk": 208, "fields": {"sfc": "Galina.I.E", "phone_num": "79066841066", "address": "Noviy st. 90", "user": null}}, {"model": "homepage.contact", "pk": 209, "fields": {"sfc": "Irina.N.S", "phone_num": "79512403358", "address": "Ivanov st. 47", "user": null}}, {"model": "homepage.contact", "pk": 210, "fields": {"sfc": "Lida.A.G", "phone_num": "79288965119", "address": "Romanovs st. 9", "user": null}}, {"model": "homepage.contact", "pk": 211, "fields": {"sfc": "Ivan.J.S", "phone_num": "79056230668", "address": "July st. 93", "user": null}}, {"model": "homepage.contact", "pk": 212, "fields": {"sfc": "Eduard.E.L", "phone_num": "79243287856", "address": "July st. 7", "user": null}}, {"model": "homepage.contact", "pk": 213, "fields": {"sfc": "Roman.S.L", "phone_num": "79577854788", "address": "Sovet st. 68", "user": null}}, {"model": "homepage.contact", "pk": 214, "fields": {"sfc": "Anastasia.A.N", "phone_num": "79287211965", "address": "Urban st. 51", "user": null}}, {"model": "homepage.contact", "pk": 215, "fields": {"sfc": "Sofia.E.A", "phone_num": "79882429426", "address": "Lenin st. 44", "user": null}}, {"model": "homepage.contact", "pk": 216, "fields": {"sfc": "Roman.G.I", "phone_num": "79290960918", "address": "July st. 81", "user": null}}, {"model": "homepage.contact", "pk": 217, "fields": {"sfc": "Roman.R.G", "phone_num": "79076857802", "address": "Urban st. 5", "user": null}}, {"model": "homepage.contact", "pk": 218, "fields": {"sfc": "Roman.I.A", "phone_num": "79932941873", "address": "Noviy st. 14", "user": null}}, {"model": "homepage.contact", "pk": 219, "fields": {"sfc": "Roman.S.E", "phone_num": "79197558757", "address": "July st. 43", "user": null}}, {"model": "homepage.contact", "pk": 220, "fields": {"sfc": "Nikolay.E.N", "phone_num": "79954318382", "address": "Sovet st. 33", "user": null}}, {"model": "homepage.contact", "pk": 221, "fields": {"sfc": "Julia.R.L", "phone_num": "79458405906", "address": "Glory st. 95", "user": null}}, {"model": "homepage.contact", "pk": 222, "fields": {"sfc": "Nikolay.L.L", "phone_num": "79306155629", "address": "Urban st. 70", "user": null}}, {"model": "homepage.contact", "pk": 223, "fields": {"sfc": "Lida.N.R", "phone_num": "79363937528", "address": "Ivanov st. 85", "user": null}}, {"model": "homepage.contact", "pk": 224, "fields": {"sfc": "Irina.J.E", "phone_num": "79629099473", "address": "Lenin st. 4", "user": null}}, {"model": "homepage.contact", "pk": 225, "fields": {"sfc": "Eduard.I.G", "phone_num": "79154679219", "address": "Story st. 37", "user": null}}, {"model": "homepage.contact", "pk": 226, "fields": {"sfc": "Ivan.G.N", "phone_num": "79284148325", "address": "Urban st. 9", "user": null}}, {"model": "homepage.contact", "pk": 227, "fields": {"sfc": "Roman.J.I", "phone_num": "79037430719", "address": "Lenin st. 69", "user": null}}, {"model": "homepage.contact", "pk": 228, "fields": {"sfc": "Anastasia.S.N", "phone_num": "79215015749", "address": "Irtal st. 86", "user": null}}, {"model": "homepage.contact", "pk": 229, "fields": {"sfc": "Julia.I.J", "phone_num": "79408484727", "address": "Urban st. 100", "user": null}}, {"model": "homepage.contact", "pk": 230, "fields": {"sfc": "Ivan.A.N", "phone_num": "79574110673", "address": "Glory st. 97", "user": null}}, {"model": "homepage.contact", "pk": 231, "fields": {"sfc": "Galina.I.L", "phone_num": "79466799558", "address": "July st. 60", "user": null}}, {"model": "homepage.contact", "pk": 232, "fields": {"sfc": "Nikolay.A.J", "phone_num": "79993766758", "address": "Romanovs st. 24", "user": null}}, {"model": "homepage.contact", "pk": 233, "fields": {"sfc": "Ivan.E.E", "phone_num": "79909673752", "address": "Ivanov st. 69", "user": null}}, {"model": "homepage.contact", "pk": 234, "fields": {"sfc": "Sofia.L.N", "phone_num": "79438161634", "address": "Glory st. 7", "user": null}}, {"model": "homepage.contact", "pk": 235, "fields": {"sfc": "Anastasia.N.L", "phone_num": "79230139894", "address": "Noviy st. 35", "user": null}}, {"model": "homepage.contact", "pk": 236, "fields": {"sfc": "Galina.J.A", "phone_num": "79284356361", "address": "Urban st. 82", "user": null}}, {"model": "homepage.contact", "pk": 237, "fields": {"sfc": "Sofia.N.I", "phone_num": "79580335567", "address": "Ivanov st. 91", "user": null}}, {"model": "homepage.contact", "pk": 238, "fields": {"sfc": "Julia.I.J", "phone_num": "79179392623", "address": "Sovet st. 30", "user": null}}, {"model": "homepage.contact", "pk": 239, "fields": {"sfc": "Julia.A.I", "phone_num": "79234302591", "address": "Story st. 90", "user": null}}, {"model": "homepage.contact", "pk": 240, "fields": {"sfc": "Sofia.I.R", "phone_num": "79007848122", "address": "Sovet st. 11", "user": null}}, {"model": "homepage.contact", "pk": 241, "fields": {"sfc": "Roman.I.G", "phone_num": "79094991187", "address": "Irtal st. 11", "user": null}}, {"model": "homepage.contact", "pk": 242, "fields": {"sfc": "Nikolay.E.N", "phone_num": "79917789041", "address": "Glory st. 62", "user": null}}, {"model": "homepage.contact", "pk": 243, "fields": {"sfc": "Galina.N.S", "phone_num": "79858620361", "address": "July st. 45", "user": null}}, {"model": "homepage.contact", "pk": 244, "fields": {"sfc": "Galina.R.N", "phone_num": "79120203510", "address": "July st. 62", "user": null}}, {"model": "homepage.contact", "pk": 245, "fields": {"sfc": "Sofia.A.G", "phone_num": "79709288763", "address": "Urban st. 50", "user": null}}, {"model": "homepage.contact", "pk": 246, "fields": {"sfc": "Anastasia.S.S", "phone_num": "79794877047", "address": "Glory st. 48", "user": null}}, {"model": "homepage.contact", "pk": 247, "fields": {"sfc": "Lida.G.L", "phone_num": "79609948202", "address": "Irtal st. 38", "user": null}}, {"model": "homepage.contact", "pk": 248, "fields": {"sfc": "Lida.L.I", "phone_num": "79829370428", "address": "Romanovs st. 95", "user": null}}, {"model": "homepage.contact", "pk": 249, "fields": {"sfc": "Anastasia.L.N", "phone_num": "79743896292", "address": "Urban st. 97", "user": null}}, {"model": "homepage.contact", "pk": 250, "fields": {"sfc": "Lida.S.S", "phone_num": "79680869239", "address": "Glory st. 37", "user": null}}, {"model": "homepage.contact", "pk": 251, "fields": {"sfc": "Sofia.E.E", "phone_num": "79764127509", "address": "Noviy st. 1", "user": null}}, {"model": "homepage.contact", "pk": 252, "fields": {"sfc": "Nikolay.I.L", "phone_num": "79403140071", "address": "Lenin st. 68", "user": null}}, {"model": "homepage.contact", "pk": 253, "fields": {"sfc": "Lida.A.I", "phone_num": "79845804955", "address": "Irtal st. 58", "user": null}}, {"model": "homepage.contact", "pk": 254, "fields": {"sfc": "Julia.S.I", "phone_num": "79749972096", "address": "Lenin st. 70", "user": null}}, {"model": "homepage.contact", "pk": 255, "fields": {"sfc": "Anastasia.E.S", "phone_num": "79421356418", "address": "Noviy st. 77", "user": null}}, {"model": "homepage.contact", "pk": 256, "fields": {"sfc": "Anastasia.N.L", "phone_num": "79679148209", "address": "Urban st. 37", "user": null}}, {"model": "homepage.contact", "pk": 257, "fields": {"sfc": "Sofia.I.L", "phone_num": "79897683656", "address": "Sovet st. 25", "user": null}}, {"model": "homepage.contact", "pk": 258, "fields": {"sfc": "Galina.E.L", "phone_num": "79794236777", "address": "July st. 43", "user": null}}, {"model": "homepage.contact", "pk": 259, "fields": {"sfc": "Irina.I.G", "phone_num": "79514127848", "address": "Romanovs st. 15", "user": null}}, {"model": "homepage.contact", "pk": 260, "fields": {"sfc": "Ivan.G.J", "phone_num": "79796412920", "address": "Ivanov st. 37", "user": null}}, {"model": "homepage.contact", "pk": 261, "fields": {"sfc": "Sofia.G.L", "phone_num": "79474869072", "address": "Urban st. 52", "user": null}}, {"model": "homepage.contact", "pk": 262, "fields": {"sfc": "Anastasia.N.S", "phone_num": "79575265991", "address": "Sovet st. 84", "user": null}}, {"model": "homepage.contact", "pk": 263, "fields": {"sfc": "Ivan.E.E", "phone_num": "79648237156", "address": "Urban st. 15", "user": null}}, {"model": "homepage.contact", "pk": 264, "fields": {"sfc": "Galina.E.I", "phone_num": "79550823632", "address": "Lenin st. 10", "user": null}}, {"model": "homepage.contact", "pk": 265, "fields": {"sfc": "Lida.E.G", "phone_num": "79409963869", "address": "Urban st. 20", "user": null}}, {"model": "homepage.contact", "pk": 266, "fields": {"sfc": "Roman.A.L", "phone_num": "79429527198", "address": "Lenin st. 42", "user": null}}, {"model": "homepage.contact", "pk": 267, "fields": {"sfc": "Irina.L.S", "phone_num": "79042707180", "address": "Story st. 12", "user": null}}, {"model": "homepage.contact", "pk": 268, "fields": {"sfc": "Nikolay.J.N", "phone_num": "79384572883", "address": "Noviy st. 61", "user": null}}, {"model": "homepage.contact", "pk": 269, "fields": {"sfc": "Ivan.S.I", "phone_num": "79450114494", "address": "Irtal st. 52", "user": null}}, {"model": "homepage.contact", "pk": 270, "fields": {"sfc": "Roman.J.I", "phone_num": "79626246824", "address": "Noviy st. 88", "user": null}}, {"model": "homepage.contact", "pk": 271, "fields": {"sfc": "Roman.A.R", "phone_num": "79472575336", "address": "Ivanov st. 21", "user": null}}, {"model": "homepage.contact", "pk": 272, "fields": {"sfc": "Ivan.G.R", "phone_num": "79275678187", "address": "Urban st. 90", "user": null}}, {"model": "homepage.contact", "pk": 273, "fields": {"sfc": "Irina.S.A", "phone_num": "79290607462", "address": "Ivanov st. 41", "user": null}}, {"model": "homepage.contact", "pk": 274, "fields": {"sfc": "Anastasia.E.L", "phone_num": "79586075784", "address": "Urban st. 89", "user": null}}, {"model": "homepage.contact", "pk": 275, "fields": {"sfc": "Irina.I.R", "phone_num": "79034880275", "address": "Irtal st. 35", "user": null}}, {"model": "homepage.contact", "pk": 276, "fields": {"sfc": "Galina.A.E", "phone_num": "79489113891", "address": "Story st. 27", "user": null}}, {"model": "homepage.contact", "pk": 277, "fields": {"sfc": "Julia.N.I", "phone_num": "79718543414", "address": "Glory st. 17", "user": null}}, {"model": "homepage.contact", "pk": 278, "fields": {"sfc": "Nikolay.N.N", "phone_num": "79478032757", "address": "Ivanov st. 55", "user": null}}, {"model": "homepage.contact", "pk": 279, "fields": {"sfc": "Anastasia.I.R", "phone_num": "79328198548", "address": "Ivanov st. 70", "user": null}}, {"model": "homepage.contact", "pk": 280, "fields": {"sfc": "Roman.S.J", "phone_num": "79492105145", "address": "Ivanov st. 96", "user": null}}, {"model": "homepage.contact", "pk": 281, "fields": {"sfc": "Nikolay.J.R", "phone_num": "79200757703", "address": "Story st. 19", "user": null}}, {"model": "homepage.contact", "pk": 282, "fields": {"sfc": "Sofia.E.S", "phone_num": "79986485982", "address": "Irtal st. 31", "user": null}}, {"model": "homepage.contact", "pk": 283, "fields": {"sfc": "Anastasia.I.J", "phone_num": "79800475903", "address": "Glory st. 82", "user": null}}, {"model": "homepage.contact", "pk": 284, "fields": {"sfc": "Eduard.I.E", "phone_num": "79854566474", "address": "Lenin st. 75", "user": null}}, {"model": "homepage.contact", "pk": 285, "fields": {"sfc": "Sofia.G.N", "phone_num": "79267004877", "address": "Irtal st. 33", "user": null}}, {"model": "homepage.contact", "pk": 286, "fields": {"sfc": "Galina.I.J", "phone_num": "79674797536", "address": "Noviy st. 73", "user": null}}, {"model": "homepage.contact", "pk": 287, "fields": {"sfc": "Ivan.R.R", "phone_num": "79386332334", "address": "Sovet st. 72", "user": null}}, {"model": "homepage.contact", "pk": 288, "fields": {"sfc": "Galina.N.I", "phone_num": "79237572122", "address": "Glory st. 50", "user": null}}, {"model": "homepage.contact", "pk": 289, "fields": {"sfc": "Julia.J.S", "phone_num": "79538925000", "address": "Romanovs st. 74", "user": null}}, {"model": "homepage.contact", "pk": 290, "fields": {"sfc": "Julia.J.A", "phone_num": "79929795230", "address": "Glory st. 4", "user": null}}, {"model": "homepage.contact", "pk": 291, "fields": {"sfc": "Julia.S.G", "phone_num": "79464704414", "address": "Urban st. 41", "user": null}}, {"model": "homepage.contact", "pk": 292, "fields": {"sfc": "Nikolay.E.E", "phone_num": "79235019752", "address": "Romanovs st. 27", "user": null}}, {"model": "homepage.contact", "pk": 293, "fields": {"sfc": "Anastasia.G.R", "phone_num": "79435459571", "address": "Noviy st. 92", "user": null}}, {"model": "homepage.contact", "pk": 294, "fields": {"sfc": "Sofia.E.L", "phone_num": "79200509297", "address": "Romanovs st. 32", "user": null}}, {"model": "homepage.contact", "pk": 295, "fields": {"sfc": "Roman.G.S", "phone_num": "79848446345", "address": "Romanovs st. 45", "user": null}}, {"model": "homepage.contact", "pk": 296, "fields": {"sfc": "Roman.I.E", "phone_num": "79478995679", "address": "Urban st. 39", "user": null}}, {"model": "homepage.contact", "pk": 297, "fields": {"sfc": "Galina.L.I", "phone_num": "79713346519", "address": "Ivanov st. 9", "user": null}}, {"model": "homepage.contact", "pk": 298, "fields": {"sfc": "Lida.A.N", "phone_num": "79681430653", "address": "Noviy st. 33", "user": null}}, {"model": "homepage.contact", "pk": 299, "fields": {"sfc": "Julia.L.I", "phone_num": "79263268008", "address": "Urban st. 6", "user": null}}, {"model": "homepage.contact", "pk": 300, "fields": {"sfc": "Julia.I.S", "phone_num": "79570424073", "address": "Romanovs st. 36", "user": null}}, {"model": "homepage.contact", "pk": 301, "fields": {"sfc": "Lida.G.R", "phone_num": "79878310519", "address": "Story st. 39", "user": null}}, {"model": "homepage.contact", "pk": 302, "fields": {"sfc": "Ivan.I.A", "phone_num": "79323692713", "address": "Sovet st. 93", "user": null}}, {"model": "homepage.contact", "pk": 304, "fields": {"sfc": "Irina.E.G", "phone_num": "79788154261", "address": "Urban st. 91", "user": null}}, {"model": "homepage.contact", "pk": 305, "fields": {"sfc": "Julia.N.S", "phone_num": "79810789004", "address": "Story st. 33", "user": null}}, {"model": "homepage.contact", "pk": 306, "fields": {"sfc": "Anastasia.E.J", "phone_num": "79780654197", "address": "Ivanov st. 72", "user": null}}, {"model": "homepage.contact", "pk": 307, "fields": {"sfc": "Anastasia.N.E", "phone_num": "79678438825", "address": "Lenin st. 49", "user": null}}, {"model": "homepage.contact", "pk": 308, "fields": {"sfc": "Lida.A.A", "phone_num": "79402484527", "address": "Sovet st. 23", "user": null}}, {"model": "homepage.contact", "pk": 309, "fields": {"sfc": "Sofia.E.R", "phone_num": "79934736633", "address": "Lenin st. 28", "user": null}}, {"model": "homepage.contact", "pk": 310, "fields": {"sfc": "Nikolay.I.G", "phone_num": "79452471661", "address": "Lenin st. 55", "user": null}}, {"model": "homepage.contact", "pk": 311, "fields": {"sfc": "Roman.A.R", "phone_num": "79537889155", "address": "Romanovs st. 55", "user": null}}, {"model": "homepage.contact", "pk": 312, "fields": {"sfc": "Julia.A.E", "phone_num": "79483001937", "address": "Urban st. 96", "user": null}}, {"model": "homepage.contact", "pk": 313, "fields": {"sfc": "Ivan.I.R", "phone_num": "79835684549", "address": "July st. 57", "user": null}}, {"model": "homepage.contact", "pk": 314, "fields": {"sfc": "Sofia.G.S", "phone_num": "79527745845", "address": "Sovet st. 58", "user": null}}, {"model": "homepage.contact", "pk": 315, "fields": {"sfc": "Ivan.L.J", "phone_num": "79335623548", "address": "Lenin st. 94", "user": null}}, {"model": "homepage.contact", "pk": 316, "fields": {"sfc": "Ivan.S.N", "phone_num": "79215915558", "address": "Romanovs st. 76", "user": null}}, {"model": "homepage.contact", "pk": 317, "fields": {"sfc": "Galina.J.I", "phone_num": "79221010920", "address": "Lenin st. 27", "user": null}}, {"model": "homepage.contact", "pk": 318, "fields": {"sfc": "Anastasia.G.R", "phone_num": "79411966134", "address": "Romanovs st. 55", "user": null}}, {"model": "homepage.contact", "pk": 319, "fields": {"sfc": "Nikolay.I.A", "phone_num": "79475491067", "address": "Urban st. 57", "user": null}}, {"model": "homepage.contact", "pk": 320, "fields": {"sfc": "Roman.E.N", "phone_num": "79671799383", "address": "Irtal st. 49", "user": null}}, {"model": "homepage.contact", "pk": 321, "fields": {"sfc": "Anastasia.E.L", "phone_num": "79184557228", "address": "Glory st. 14", "user": null}}, {"model": "homepage.contact", "pk": 322, "fields": {"sfc": "Nikolay.I.R", "phone_num": "79318719029", "address": "Sovet st. 10", "user": null}}, {"model": "homepage.contact", "pk": 323, "fields": {"sfc": "Roman.S.J", "phone_num": "79650965589", "address": "Romanovs st. 6", "user": null}}, {"model": "homepage.contact", "pk": 324, "fields": {"sfc": "Lida.I.S", "phone_num": "79420011202", "address": "Urban st. 24", "user": null}}, {"model": "homepage.contact", "pk": 325, "fields": {"sfc": "Nikolay.S.I", "phone_num": "79777115486", "address": "July st. 63", "user": null}}, {"model": "homepage.contact", "pk": 326, "fields": {"sfc": "Galina.I.R", "phone_num": "79551919468", "address": "Lenin st. 6", "user": null}}, {"model": "homepage.contact", "pk": 327, "fields": {"sfc": "Julia.I.L", "phone_num": "79438084476", "address": "Lenin st. 5", "user": null}}, {"model": "homepage.contact", "pk": 328, "fields": {"sfc": "Anastasia.J.E", "phone_num": "79737890618", "address": "Urban st. 70", "user": null}}, {"model": "homepage.contact", "pk": 329, "fields": {"sfc": "Roman.S.J", "phone_num": "79849845457", "address": "Story st. 77", "user": null}}, {"model": "homepage.contact", "pk": 330, "fields": {"sfc": "Nikolay.S.L", "phone_num": "79357857551", "address": "July st. 85", "user": null}}, {"model": "homepage.contact", "pk": 331, "fields": {"sfc": "Roman.N.A", "phone_num": "79393343520", "address": "Sovet st. 31", "user": null}}, {"model": "homepage.contact", "pk": 332, "fields": {"sfc": "Ivan.N.S", "phone_num": "79181419674", "address": "Romanovs st. 39", "user": null}}, {"model": "homepage.contact", "pk": 333, "fields": {"sfc": "Eduard.S.S", "phone_num": "79014547958", "address": "Story st. 36", "user": null}}, {"model": "homepage.contact", "pk": 334, "fields": {"sfc": "Irina.A.N", "phone_num": "79497225440", "address": "July st. 8", "user": null}}, {"model": "homepage.contact", "pk": 335, "fields": {"sfc": "Roman.G.J", "phone_num": "79584354071", "address": "Noviy st. 58", "user": null}}, {"model": "homepage.contact", "pk": 336, "fields": {"sfc": "Julia.G.I", "phone_num": "79285326685", "address": "Story st. 16", "user": null}}, {"model": "homepage.contact", "pk": 337, "fields": {"sfc": "Nikolay.G.L", "phone_num": "79036151314", "address": "Ivanov st. 38", "user": null}}, {"model": "homepage.contact", "pk": 338, "fields": {"sfc": "Galina.S.I", "phone_num": "79906400998", "address": "Story st. 44", "user": null}}, {"model": "homepage.contact", "pk": 339, "fields": {"sfc": "Lida.I.J", "phone_num": "79435487575", "address": "Sovet st. 62", "user": null}}, {"model": "homepage.contact", "pk": 340, "fields": {"sfc": "Sofia.R.J", "phone_num": "79933432848", "address": "Story st. 34", "user": null}}, {"model": "homepage.contact", "pk": 341, "fields": {"sfc": "Sofia.E.N", "phone_num": "79634320355", "address": "Noviy st. 73", "user": null}}, {"model": "homepage.contact", "pk": 342, "fields": {"sfc": "Lida.G.E", "phone_num": "79502636941", "address": "Urban st. 42", "user": null}}, {"model": "homepage.contact", "pk": 343, "fields": {"sfc": "Anastasia.G.I", "phone_num": "79787563518", "address": "Urban st. 37", "user": null}}, {"model": "homepage.contact", "pk": 344, "fields": {"sfc": "Julia.R.I", "phone_num": "79926541249", "address": "Ivanov st. 92", "user": null}}, {"model": "homepage.contact", "pk": 345, "fields": {"sfc": "Sofia.S.R", "phone_num": "79812003869", "address": "Irtal st. 67", "user": null}}, {"model": "homepage.contact", "pk": 346, "fields": {"sfc": "Eduard.R.N", "phone_num": "79217138471", "address": "Urban st. 11", "user": null}}, {"model": "homepage.contact", "pk": 347, "fields": {"sfc": "Sofia.I.S", "phone_num": "79763883841", "address": "Irtal st. 59", "user": null}}, {"model": "homepage.contact", "pk": 348, "fields": {"sfc": "Anastasia.N.R", "phone_num": "79370754339", "address": "Glory st. 54", "user": null}}, {"model": "homepage.contact", "pk": 349, "fields": {"sfc": "Eduard.I.S", "phone_num": "79029856873", "address": "Urban st. 81", "user": null}}, {"model": "homepage.contact", "pk": 350, "fields": {"sfc": "Nikolay.L.G", "phone_num": "79654553329", "address": "Urban st. 11", "user": null}}, {"model": "homepage.contact", "pk": 351, "fields": {"sfc": "Julia.I.S", "phone_num": "79038031091", "address": "Story st. 66", "user": null}}, {"model": "homepage.contact", "pk": 352, "fields": {"sfc": "Galina.J.L", "phone_num": "79954981982", "address": "Lenin st. 36", "user": null}}, {"model": "homepage.contact", "pk": 354, "fields": {"sfc": "Генадий Букин", "phone_num": "+79510860719", "address": "ул. Костюкова, 46", "user": 5}}, {"model": "homepage.doctors", "pk": 3, "fields": {"contact_id": 304, "profession": "Intern"}}, {"model": "homepage.doctors", "pk": 4, "fields": {"contact_id": 305, "profession": "Senior Doctor"}}, {"model": "homepage.doctors", "pk": 5, "fields": {"contact_id": 306, "profession": "Senior Doctor"}}, {"model": "homepage.doctors", "pk": 6, "fields": {"contact_id": 307, "profession": "Doctor on duty"}}, {"model": "homepage.doctors", "pk": 7, "fields": {"contact_id": 308, "profession": "Senior Doctor"}}, {"model": "homepage.doctors", "pk": 8, "fields": {"contact_id": 309, "profession": "Senior Doctor"}}, {"model": "homepage.doctors", "pk": 9, "fields": {"contact_id": 310, "profession": "Therapist"}}, {"model": "homepage.doctors", "pk": 10, "fields": {"contact_id": 311, "profession": "Intern"}}, {"model": "homepage.doctors", "pk": 11, "fields": {"contact_id": 312, "profession": "Senior Doctor"}}, {"model": "homepage.doctors", "pk": 12, "fields": {"contact_id": 313, "profession": "Doctor on duty"}}, {"model": "homepage.doctors", "pk": 13, "fields": {"contact_id": 314, "profession": "Senior Doctor"}}, {"model": "homepage.doctors", "pk": 14, "fields": {"contact_id": 315, "profession": "Doctor on duty"}}, {"model": "homepage.doctors", "pk": 15, "fields": {"contact_id": 316, "profession": "Intern"}}, {"model": "homepage.doctors", "pk": 16, "fields": {"contact_id": 317, "profession": "Senior Doctor"}}, {"model": "homepage.doctors", "pk": 17, "fields": {"contact_id": 318, "profession": "Doctor on duty"}}, {"model": "homepage.doctors", "pk": 18, "fields": {"contact_id": 319, "profession": "Intern"}}, {"model": "homepage.doctors", "pk": 19, "fields": {"contact_id": 320, "profession": "Doctor on duty"}}, {"model": "homepage.doctors", "pk": 20, "fields": {"contact_id": 321, "profession": "Senior Doctor"}}, {"model": "homepage.doctors", "pk": 21, "fields": {"contact_id": 322, "profession": "Senior Doctor"}}, {"model": "homepage.doctors", "pk": 22, "fields": {"contact_id": 323, "profession": "Doctor on duty"}}, {"model": "homepage.doctors", "pk": 23, "fields": {"contact_id": 324, "profession": "Therapist"}}, {"model": "homepage.doctors", "pk": 24, "fields": {"contact_id": 325, "profession": "Therapist"}}, {"model": "homepage.doctors", "pk": 25, "fields": {"contact_id": 326, "profession": "Therapist"}}, {"model": "homepage.doctors", "pk": 26, "fields": {"contact_id": 327, "profession": "Intern"}}, {"model": "homepage.doctors", "pk": 27, "fields": {"contact_id": 328, "profession": "Therapist"}}, {"model": "homepage.doctors", "pk": 28, "fields": {"contact_id": 329, "profession": "Senior Doctor"}}, {"model": "homepage.doctors", "pk": 29, "fields": {"contact_id": 330, "profession": "Intern"}}, {"model": "homepage.doctors", "pk": 30, "fields": {"contact_id": 331, "profession": "Senior Doctor"}}, {"model": "homepage.doctors", "pk": 31, "fields": {"contact_id": 332, "profession": "Intern"}}, {"model": "homepage.doctors", "pk": 32, "fields": {"contact_id": 333, "profession": "Senior Doctor"}}, {"model": "homepage.doctors", "pk": 33, "fields": {"contact_id": 334, "profession": "Therapist"}}, {"model": "homepage.doctors", "pk": 34, "fields": {"contact_id": 335, "profession": "Intern"}}, {"model": "homepage.doctors", "pk": 35, "fields": {"contact_id": 336, "profession": "Intern"}}, {"model": "homepage.doctors", "pk": 36, "fields": {"contact_id": 337, "profession": "Doctor on duty"}}, {"model": "homepage.doctors", "pk": 37, "fields": {"contact_id": 338, "profession": "Intern"}}, {"model": "homepage.doctors", "pk": 38, "fields": {"contact_id": 339, "profession": "Intern"}}, {"model": "homepage.doctors", "pk": 39, "fields": {"contact_id": 340, "profession": "Therapist"}}, {"model": "homepage.doctors", "pk": 40, "fields": {"contact_id": 341, "profession": "Senior Doctor"}}, {"model": "homepage.doctors", "pk": 41, "fields": {"contact_id": 342, "profession": "Intern"}}, {"model": "homepage.doctors", "pk": 42, "fields": {"contact_id": 343, "profession": "Therapist"}}, {"model": "homepage.doctors", "pk": 43, "fields": {"contact_id": 344, "profession": "Senior Doctor"}}, {"model": "homepage.doctors", "pk": 44, "fields": {"contact_id": 345, "profession": "Doctor on duty"}}, {"model": "homepage.doctors", "pk": 45, "fields": {"contact_id": 346, "profession": "Doctor on duty"}}, {"model": "homepage.doctors", "pk": 46, "fields": {"contact_id": 347, "profession": "Doctor on duty"}}, {"model": "homepage.doctors", "pk": 47, "fields": {"contact_id": 348, "profession": "Intern"}}, {"model": "homepage.doctors", "pk": 48, "fields": {"contact_id": 349, "profession": "Senior Doctor"}}, {"model": "homepage.doctors", "pk": 49, "fields": {"contact_id": 350, "profession": "Intern"}}, {"model": "homepage.doctors", "pk": 50, "fields": {"contact_id": 351, "profession": "Senior Doctor"}}, {"model": "homepage.doctors", "pk": 51, "fields": {"contact_id": 352, "profession": "Senior Doctor"}}, {"model": "homepage.timetable", "pk": 2, "fields": {"customer": 77, "doctor": 19, "meetdate": "2022-08-06T11:27:00Z", "diagnosis": "Schizophrenia"}}, {"model": "homepage.timetable", "pk": 3, "fields": {"customer": 289, "doctor": 20, "meetdate": "2022-11-28T10:53:00Z", "diagnosis": "Coronavirus"}}, {"model": "homepage.timetable", "pk": 4, "fields": {"customer": 192, "doctor": 48, "meetdate": "2021-03-01T13:49:00Z", "diagnosis": "Tachycardia"}}, {"model": "homepage.timetable", "pk": 5, "fields": {"customer": 58, "doctor": 39, "meetdate": "2020-08-23T17:17:00Z", "diagnosis": "Schizophrenia"}}, {"model": "homepage.timetable", "pk": 6, "fields": {"customer": 181, "doctor": 13, "meetdate": "2021-10-10T12:24:00Z", "diagnosis": "Flu"}}, {"model": "homepage.timetable", "pk": 7, "fields": {"customer": 186, "doctor": 28, "meetdate": "2020-07-08T13:44:00Z", "diagnosis": "Hypertension"}}, {"model": "homepage.timetable", "pk": 8, "fields": {"customer": 226, "doctor": 40, "meetdate": "2021-08-05T08:12:00Z", "diagnosis": "Flu"}}, {"model": "homepage.timetable", "pk": 9, "fields": {"customer": 178, "doctor": 31, "meetdate": "2020-12-11T15:18:00Z", "diagnosis": "Psoriasis"}}, {"model": "homepage.timetable", "pk": 10, "fields": {"customer": 23, "doctor": 21, "meetdate": "2022-10-14T13:40:00Z", "diagnosis": "Coronavirus"}}, {"model": "homepage.timetable", "pk": 11, "fields": {"customer": 93, "doctor": 29, "meetdate": "2022-07-27T08:11:00Z", "diagnosis": "Hypertension"}}, {"model": "homepage.timetable", "pk": 12, "fields": {"customer": 83, "doctor": 17, "meetdate": "2021-06-04T11:08:00Z", "diagnosis": "Hypertension"}}, {"model": "homepage.timetable", "pk": 13, "fields": {"customer": 206, "doctor": 25, "meetdate": "2022-04-25T18:21:00Z", "diagnosis": "Psoriasis"}}, {"model": "homepage.timetable", "pk": 14, "fields": {"customer": 233, "doctor": 13, "meetdate": "2021-08-14T13:00:00Z", "diagnosis": "Concussions"}}, {"model": "homepage.timetable", "pk": 15, "fields": {"customer": 293, "doctor": 34, "meetdate": "2020-09-04T09:44:00Z", "diagnosis": "Psoriasis"}}, {"model": "homepage.timetable", "pk": 17, "fields": {"customer": 199, "doctor": 13, "meetdate": "2021-02-27T15:17:00Z", "diagnosis": "Psoriasis"}}, {"model": "homepage.timetable", "pk": 18, "fields": {"customer": 150, "doctor": 12, "meetdate": "2022-04-28T20:01:00Z", "diagnosis": "Schizophrenia"}}, {"model": "homepage.timetable", "pk": 19, "fields": {"customer": 43, "doctor": 27, "meetdate": "2022-12-20T18:35:00Z", "diagnosis": "Coronavirus"}}, {"model": "homepage.timetable", "pk": 20, "fields": {"customer": 9, "doctor": 44, "meetdate": "2021-05-18T19:46:00Z", "diagnosis": "Tachycardia"}}, {"model": "homepage.timetable", "pk": 21, "fields": {"customer": 174, "doctor": 4, "meetdate": "2021-06-25T17:18:00Z", "diagnosis": "Schizophrenia"}}, {"model": "homepage.timetable", "pk": 22, "fields": {"customer": 87, "doctor": 18, "meetdate": "2020-10-12T14:40:00Z", "diagnosis": "Psoriasis"}}, {"model": "homepage.timetable", "pk": 23, "fields": {"customer": 145, "doctor": 50, "meetdate": "2020-03-07T10:20:00Z", "diagnosis": "Psoriasis"}}, {"model": "homepage.timetable", "pk": 25, "fields": {"customer": 220, "doctor": 44, "meetdate": "2020-08-17T13:02:00Z", "diagnosis": "Concussions"}}, {"model": "homepage.timetable", "pk": 26, "fields": {"customer": 3, "doctor": 33, "meetdate": "2021-03-28T08:37:00Z", "diagnosis": "Schizophrenia"}}, {"model": "homepage.timetable", "pk": 28, "fields": {"customer": 83, "doctor": 8, "meetdate": "2022-10-02T13:55:00Z", "diagnosis": "Concussions"}}, {"model": "homepage.timetable", "pk": 29, "fields": {"customer": 70, "doctor": 38, "meetdate": "2021-04-13T12:54:00Z", "diagnosis": "Schizophrenia"}}, {"model": "homepage.timetable", "pk": 30, "fields": {"customer": 85, "doctor": 11, "meetdate": "2021-11-01T09:15:00Z", "diagnosis": "Psoriasis"}}, {"model": "homepage.timetable", "pk": 31, "fields": {"customer": 132, "doctor": 31, "meetdate": "2021-02-18T09:52:00Z", "diagnosis": "Hypertension"}}, {"model": "homepage.timetable", "pk": 32, "fields": {"customer": 14, "doctor": 28, "meetdate": "2020-06-02T08:19:00Z", "diagnosis": "Schizophrenia"}}, {"model": "homepage.timetable", "pk": 33, "fields": {"customer": 257, "doctor": 5, "meetdate": "2021-08-07T09:25:00Z", "diagnosis": "Flu"}}, {"model": "homepage.timetable", "pk": 34, "fields": {"customer": 294, "doctor": 17, "meetdate": "2021-04-14T14:04:00Z", "diagnosis": "Hypertension"}}, {"model": "homepage.timetable", "pk": 35, "fields": {"customer": 51, "doctor": 41, "meetdate": "2020-03-11T19:26:00Z", "diagnosis": "Schizophrenia"}}, {"model": "homepage.timetable", "pk": 36, "fields": {"customer": 92, "doctor": 10, "meetdate": "2020-11-17T10:27:00Z", "diagnosis": "Hypertension"}}, {"model": "homepage.timetable", "pk": 37, "fields": {"customer": 71, "doctor": 5, "meetdate": "2022-07-14T20:44:00Z", "diagnosis": "Schizophrenia"}}, {"model": "homepage.timetable", "pk": 38, "fields": {"customer": 260, "doctor": 17, "meetdate": "2022-11-16T15:10:00Z", "diagnosis": "Tachycardia"}}, {"model": "homepage.timetable", "pk": 39, "fields": {"customer": 26, "doctor": 31, "meetdate": "2021-12-17T20:10:00Z", "diagnosis": "Coronavirus"}}, {"model": "homepage.timetable", "pk": 41, "fields": {"customer": 15, "doctor": 7, "meetdate": "2021-09-28T08:08:00Z", "diagnosis": "Schizophrenia"}}, {"model": "homepage.timetable", "pk": 42, "fields": {"customer": 76, "doctor": 6, "meetdate": "2020-05-25T09:53:00Z", "diagnosis": "Hypertension"}}, {"model": "homepage.timetable", "pk": 43, "fields": {"customer": 217, "doctor": 46, "meetdate": "2020-01-09T17:31:00Z", "diagnosis": "Psoriasis"}}, {"model": "homepage.timetable", "pk": 44, "fields": {"customer": 133, "doctor": 35, "meetdate": "2021-12-06T16:20:00Z", "diagnosis": "Coronavirus"}}, {"model": "homepage.timetable", "pk": 45, "fields": {"customer": 184, "doctor": 10, "meetdate": "2021-03-25T11:52:00Z", "diagnosis": "Schizophrenia"}}, {"model": "homepage.timetable", "pk": 46, "fields": {"customer": 8, "doctor": 25, "meetdate": "2022-05-19T19:12:00Z", "diagnosis": "Psoriasis"}}, {"model": "homepage.timetable", "pk": 48, "fields": {"customer": 15, "doctor": 12, "meetdate": "2021-01-18T09:33:00Z", "diagnosis": "Schizophrenia"}}, {"model": "homepage.timetable", "pk": 49, "fields": {"customer": 239, "doctor": 18, "meetdate": "2020-07-24T11:28:00Z", "diagnosis": "Schizophrenia"}}, {"model": "homepage.timetable", "pk": 50, "fields": {"customer": 243, "doctor": 40, "meetdate": "2020-06-19T09:07:00Z", "diagnosis": "Tachycardia"}}, {"model": "homepage.timetable", "pk": 51, "fields": {"customer": 165, "doctor": 49, "meetdate": "2021-04-25T17:29:00Z", "diagnosis": "Schizophrenia"}}, {"model": "homepage.timetable", "pk": 52, "fields": {"customer": 299, "doctor": 22, "meetdate": "2022-06-20T21:04:00Z", "diagnosis": "Flu"}}, {"model": "homepage.timetable", "pk": 53, "fields": {"customer": 211, "doctor": 49, "meetdate": "2022-02-21T13:49:00Z", "diagnosis": "Hypertension"}}, {"model": "homepage.timetable", "pk": 54, "fields": {"customer": 206, "doctor": 25, "meetdate": "2021-03-19T19:02:00Z", "diagnosis": "Psoriasis"}}, {"model": "homepage.timetable", "pk": 55, "fields": {"customer": 160, "doctor": 24, "meetdate": "2020-11-24T17:51:00Z", "diagnosis": "Flu"}}, {"model": "homepage.timetable", "pk": 56, "fields": {"customer": 275, "doctor": 18, "meetdate": "2021-03-27T16:24:00Z", "diagnosis": "Psoriasis"}}, {"model": "homepage.timetable", "pk": 57, "fields": {"customer": 242, "doctor": 11, "meetdate": "2021-06-04T09:28:00Z", "diagnosis": "Psoriasis"}}, {"model": "homepage.timetable", "pk": 58, "fields": {"customer": 91, "doctor": 46, "meetdate": "2022-02-04T16:09:00Z", "diagnosis": "Tachycardia"}}, {"model": "homepage.timetable", "pk": 59, "fields": {"customer": 244, "doctor": 28, "meetdate": "2022-07-05T17:03:00Z", "diagnosis": "Psoriasis"}}, {"model": "homepage.timetable", "pk": 60, "fields": {"customer": 135, "doctor": 12, "meetdate": "2021-01-13T13:02:00Z", "diagnosis": "Flu"}}, {"model": "homepage.timetable", "pk": 61, "fields": {"customer": 164, "doctor": 51, "meetdate": "2020-02-02T10:41:00Z", "diagnosis": "Hypertension"}}, {"model": "homepage.timetable", "pk": 62, "fields": {"customer": 243, "doctor": 47, "meetdate": "2022-05-10T12:57:00Z", "diagnosis": "Hypertension"}}, {"model": "homepage.timetable", "pk": 63, "fields": {"customer": 259, "doctor": 50, "meetdate": "2022-05-12T18:47:00Z", "diagnosis": "Psoriasis"}}, {"model": "homepage.timetable", "pk": 64, "fields": {"customer": 186, "doctor": 21, "meetdate": "2022-02-23T20:40:00Z", "diagnosis": "Concussions"}}, {"model": "homepage.timetable", "pk": 65, "fields": {"customer": 214, "doctor": 48, "meetdate": "2021-09-06T17:55:00Z", "diagnosis": "Tachycardia"}}, {"model": "homepage.timetable", "pk": 66, "fields": {"customer": 11, "doctor": 19, "meetdate": "2020-11-07T08:37:00Z", "diagnosis": "Coronavirus"}}, {"model": "homepage.timetable", "pk": 67, "fields": {"customer": 235, "doctor": 34, "meetdate": "2020-09-19T19:06:00Z", "diagnosis": "Hypertension"}}, {"model": "homepage.timetable", "pk": 68, "fields": {"customer": 5, "doctor": 45, "meetdate": "2022-07-12T12:06:00Z", "diagnosis": "Tachycardia"}}, {"model": "homepage.timetable", "pk": 69, "fields": {"customer": 201, "doctor": 33, "meetdate": "2021-01-13T09:53:00Z", "diagnosis": "Tachycardia"}}, {"model": "homepage.timetable", "pk": 70, "fields": {"customer": 175, "doctor": 50, "meetdate": "2021-03-18T21:53:00Z", "diagnosis": "Psoriasis"}}, {"model": "homepage.timetable", "pk": 71, "fields": {"customer": 193, "doctor": 13, "meetdate": "2022-10-20T19:30:00Z", "diagnosis": "Hypertension"}}, {"model": "homepage.timetable", "pk": 72, "fields": {"customer": 295, "doctor": 5, "meetdate": "2022-09-07T10:18:00Z", "diagnosis": "Schizophrenia"}}, {"model": "homepage.timetable", "pk": 73, "fields": {"customer": 194, "doctor": 32, "meetdate": "2020-01-14T11:48:00Z", "diagnosis": "Hypertension"}}, {"model": "homepage.timetable", "pk": 74, "fields": {"customer": 248, "doctor": 36, "meetdate": "2022-07-18T09:48:00Z", "diagnosis": "Concussions"}}, {"model": "homepage.timetable", "pk": 75, "fields": {"customer": 219, "doctor": 22, "meetdate": "2020-12-10T17:37:00Z", "diagnosis": "Psoriasis"}}, {"model": "homepage.timetable", "pk": 76, "fields": {"customer": 189, "doctor": 5, "meetdate": "2020-10-12T18:11:00Z", "diagnosis": "Psoriasis"}}, {"model": "homepage.timetable", "pk": 77, "fields": {"customer": 123, "doctor": 33, "meetdate": "2021-12-01T17:19:00Z", "diagnosis": "Tachycardia"}}, {"model": "homepage.timetable", "pk": 78, "fields": {"customer": 10, "doctor": 30, "meetdate": "2021-11-06T14:07:00Z", "diagnosis": "Flu"}}, {"model": "homepage.timetable", "pk": 79, "fields": {"customer": 50, "doctor": 49, "meetdate": "2021-02-15T15:41:00Z", "diagnosis": "Tachycardia"}}, {"model": "homepage.timetable", "pk": 80, "fields": {"customer": 164, "doctor": 20, "meetdate": "2022-12-17T18:34:00Z", "diagnosis": "Coronavirus"}}, {"model": "homepage.timetable", "pk": 81, "fields": {"customer": 116, "doctor": 31, "meetdate": "2020-06-02T20:41:00Z", "diagnosis": "Schizophrenia"}}, {"model": "homepage.timetable", "pk": 82, "fields": {"customer": 146, "doctor": 41, "meetdate": "2021-03-23T15:15:00Z", "diagnosis": "Schizophrenia"}}, {"model": "homepage.timetable", "pk": 83, "fields": {"customer": 133, "doctor": 28, "meetdate": "2020-12-14T08:00:00Z", "diagnosis": "Hypertension"}}, {"model": "homepage.timetable", "pk": 84, "fields": {"customer": 49, "doctor": 38, "meetdate": "2022-05-27T17:06:00Z", "diagnosis": "Hypertension"}}, {"model": "homepage.timetable", "pk": 85, "fields": {"customer": 157, "doctor": 6, "meetdate": "2020-10-02T17:43:00Z", "diagnosis": "Psoriasis"}}, {"model": "homepage.timetable", "pk": 87, "fields": {"customer": 165, "doctor": 26, "meetdate": "2020-05-19T12:56:00Z", "diagnosis": "Tachycardia"}}, {"model": "homepage.timetable", "pk": 88, "fields": {"customer": 98, "doctor": 19, "meetdate": "2021-09-04T16:27:00Z", "diagnosis": "Hypertension"}}, {"model": "homepage.timetable", "pk": 89, "fields": {"customer": 290, "doctor": 23, "meetdate": "2021-02-26T15:17:00Z", "diagnosis": "Tachycardia"}}, {"model": "homepage.timetable", "pk": 90, "fields": {"customer": 46, "doctor": 16, "meetdate": "2020-01-18T17:32:00Z", "diagnosis": "Schizophrenia"}}, {"model": "homepage.timetable", "pk": 91, "fields": {"customer": 45, "doctor": 26, "meetdate": "2020-07-21T15:50:00Z", "diagnosis": "Coronavirus"}}, {"model": "homepage.timetable", "pk": 93, "fields": {"customer": 295, "doctor": 5, "meetdate": "2022-12-02T12:56:00Z", "diagnosis": "Psoriasis"}}, {"model": "homepage.timetable", "pk": 94, "fields": {"customer": 238, "doctor": 27, "meetdate": "2020-09-08T16:20:00Z", "diagnosis": "Hypertension"}}, {"model": "homepage.timetable", "pk": 95, "fields": {"customer": 215, "doctor": 36, "meetdate": "2021-11-04T16:37:00Z", "diagnosis": "Tachycardia"}}, {"model": "homepage.timetable", "pk": 96, "fields": {"customer": 224, "doctor": 45, "meetdate": "2022-01-04T21:25:00Z", "diagnosis": "Concussions"}}, {"model": "homepage.timetable", "pk": 97, "fields": {"customer": 201, "doctor": 12, "meetdate": "2022-06-17T14:48:00Z", "diagnosis": "Tachycardia"}}, {"model": "homepage.timetable", "pk": 98, "fields": {"customer": 84, "doctor": 47, "meetdate": "2021-02-26T10:52:00Z", "diagnosis": "Tachycardia"}}, {"model": "homepage.timetable", "pk": 99, "fields": {"customer": 238, "doctor": 39, "meetdate": "2020-10-17T12:09:00Z", "diagnosis": "Flu"}}, {"model": "homepage.timetable", "pk": 100, "fields": {"customer": 9, "doctor": 21, "meetdate": "2020-12-01T08:34:00Z", "diagnosis": "Hypertension"}}, {"model": "homepage.timetable", "pk": 101, "fields": {"customer": 252, "doctor": 33, "meetdate": "2022-05-03T13:51:00Z", "diagnosis": "Hypertension"}}, {"model": "homepage.timetable", "pk": 102, "fields": {"customer": 260, "doctor": 36, "meetdate": "2020-05-12T12:37:00Z", "diagnosis": "Psoriasis"}}, {"model": "homepage.timetable", "pk": 103, "fields": {"customer": 235, "doctor": 21, "meetdate": "2022-06-25T20:56:00Z", "diagnosis": "Coronavirus"}}, {"model": "homepage.timetable", "pk": 104, "fields": {"customer": 167, "doctor": 51, "meetdate": "2021-02-05T17:25:00Z", "diagnosis": "Schizophrenia"}}, {"model": "homepage.timetable", "pk": 105, "fields": {"customer": 161, "doctor": 7, "meetdate": "2020-10-26T21:52:00Z", "diagnosis": "Coronavirus"}}, {"model": "homepage.timetable", "pk": 106, "fields": {"customer": 79, "doctor": 29, "meetdate": "2021-12-14T14:38:00Z", "diagnosis": "Schizophrenia"}}, {"model": "homepage.timetable", "pk": 107, "fields": {"customer": 50, "doctor": 23, "meetdate": "2022-08-12T14:34:00Z", "diagnosis": "Hypertension"}}, {"model": "homepage.timetable", "pk": 108, "fields": {"customer": 177, "doctor": 41, "meetdate": "2022-08-10T16:56:00Z", "diagnosis": "Schizophrenia"}}, {"model": "homepage.timetable", "pk": 109, "fields": {"customer": 214, "doctor": 27, "meetdate": "2021-02-09T19:08:00Z", "diagnosis": "Psoriasis"}}, {"model": "homepage.timetable", "pk": 110, "fields": {"customer": 262, "doctor": 41, "meetdate": "2021-09-14T21:18:00Z", "diagnosis": "Flu"}}, {"model": "homepage.timetable", "pk": 111, "fields": {"customer": 96, "doctor": 6, "meetdate": "2021-10-12T12:42:00Z", "diagnosis": "Tachycardia"}}, {"model": "homepage.timetable", "pk": 112, "fields": {"customer": 177, "doctor": 6, "meetdate": "2021-11-13T17:22:00Z", "diagnosis": "Hypertension"}}, {"model": "homepage.timetable", "pk": 113, "fields": {"customer": 29, "doctor": 28, "meetdate": "2021-01-27T10:34:00Z", "diagnosis": "Flu"}}, {"model": "homepage.timetable", "pk": 114, "fields": {"customer": 206, "doctor": 22, "meetdate": "2022-09-13T09:19:00Z", "diagnosis": "Tachycardia"}}, {"model": "homepage.timetable", "pk": 115, "fields": {"customer": 261, "doctor": 3, "meetdate": "2020-03-18T18:01:00Z", "diagnosis": "Psoriasis"}}, {"model": "homepage.timetable", "pk": 116, "fields": {"customer": 264, "doctor": 24, "meetdate": "2020-03-21T13:20:00Z", "diagnosis": "Hypertension"}}, {"model": "homepage.timetable", "pk": 117, "fields": {"customer": 10, "doctor": 37, "meetdate": "2021-11-04T19:56:00Z", "diagnosis": "Coronavirus"}}, {"model": "homepage.timetable", "pk": 118, "fields": {"customer": 187, "doctor": 39, "meetdate": "2020-10-16T15:07:00Z", "diagnosis": "Hypertension"}}, {"model": "homepage.timetable", "pk": 119, "fields": {"customer": 79, "doctor": 46, "meetdate": "2021-04-02T20:52:00Z", "diagnosis": "Hypertension"}}, {"model": "homepage.timetable", "pk": 120, "fields": {"customer": 15, "doctor": 37, "meetdate": "2022-05-17T10:58:00Z", "diagnosis": "Flu"}}, {"model": "homepage.timetable", "pk": 121, "fields": {"customer": 201, "doctor": 45, "meetdate": "2021-12-24T20:39:00Z", "diagnosis": "Flu"}}, {"model": "homepage.timetable", "pk": 122, "fields": {"customer": 201, "doctor": 6, "meetdate": "2022-01-21T21:17:00Z", "diagnosis": "Psoriasis"}}, {"model": "homepage.timetable", "pk": 123, "fields": {"customer": 37, "doctor": 37, "meetdate": "2021-11-25T08:32:00Z", "diagnosis": "Tachycardia"}}, {"model": "homepage.timetable", "pk": 124, "fields": {"customer": 266, "doctor": 41, "meetdate": "2022-05-07T11:55:00Z", "diagnosis": "Psoriasis"}}, {"model": "homepage.timetable", "pk": 125, "fields": {"customer": 165, "doctor": 9, "meetdate": "2021-03-18T17:06:00Z", "diagnosis": "Tachycardia"}}, {"model": "homepage.timetable", "pk": 126, "fields": {"customer": 100, "doctor": 17, "meetdate": "2021-08-28T18:31:00Z", "diagnosis": "Psoriasis"}}, {"model": "homepage.timetable", "pk": 128, "fields": {"customer": 144, "doctor": 8, "meetdate": "2022-08-09T20:27:00Z", "diagnosis": "Concussions"}}, {"model": "homepage.timetable", "pk": 129, "fields": {"customer": 168, "doctor": 43, "meetdate": "2021-10-11T11:32:00Z", "diagnosis": "Tachycardia"}}, {"model": "homepage.timetable", "pk": 130, "fields": {"customer": 103, "doctor": 5, "meetdate": "2022-06-06T14:08:00Z", "diagnosis": "Coronavirus"}}, {"model": "homepage.timetable", "pk": 131, "fields": {"customer": 243, "doctor": 3, "meetdate": "2022-04-19T13:20:00Z", "diagnosis": "Schizophrenia"}}, {"model": "homepage.timetable", "pk": 132, "fields": {"customer": 67, "doctor": 16, "meetdate": "2020-01-27T15:41:00Z", "diagnosis": "Hypertension"}}, {"model": "homepage.timetable", "pk": 133, "fields": {"customer": 156, "doctor": 39, "meetdate": "2022-08-06T14:47:00Z", "diagnosis": "Coronavirus"}}, {"model": "homepage.timetable", "pk": 135, "fields": {"customer": 291, "doctor": 29, "meetdate": "2022-11-11T18:13:00Z", "diagnosis": "Tachycardia"}}, {"model": "homepage.timetable", "pk": 136, "fields": {"customer": 35, "doctor": 20, "meetdate": "2022-05-24T11:21:00Z", "diagnosis": "Coronavirus"}}, {"model": "homepage.timetable", "pk": 137, "fields": {"customer": 41, "doctor": 20, "meetdate": "2021-12-03T10:49:00Z", "diagnosis": "Flu"}}, {"model": "homepage.timetable", "pk": 138, "fields": {"customer": 181, "doctor": 7, "meetdate": "2022-01-15T20:07:00Z", "diagnosis": "Concussions"}}, {"model": "homepage.timetable", "pk": 139, "fields": {"customer": 76, "doctor": 47, "meetdate": "2020-01-19T09:07:00Z", "diagnosis": "Schizophrenia"}}, {"model": "homepage.timetable", "pk": 140, "fields": {"customer": 7, "doctor": 35, "meetdate": "2022-04-03T08:05:00Z", "diagnosis": "Flu"}}, {"model": "homepage.timetable", "pk": 141, "fields": {"customer": 149, "doctor": 7, "meetdate": "2021-03-12T11:34:00Z", "diagnosis": "Tachycardia"}}, {"model": "homepage.timetable", "pk": 142, "fields": {"customer": 205, "doctor": 32, "meetdate": "2022-09-16T10:11:00Z", "diagnosis": "Concussions"}}, {"model": "homepage.timetable", "pk": 143, "fields": {"customer": 286, "doctor": 4, "meetdate": "2022-11-21T12:59:00Z", "diagnosis": "Flu"}}, {"model": "homepage.timetable", "pk": 144, "fields": {"customer": 71, "doctor": 30, "meetdate": "2021-12-20T09:28:00Z", "diagnosis": "Coronavirus"}}, {"model": "homepage.timetable", "pk": 145, "fields": {"customer": 87, "doctor": 9, "meetdate": "2022-04-25T09:45:00Z", "diagnosis": "Tachycardia"}}, {"model": "homepage.timetable", "pk": 146, "fields": {"customer": 176, "doctor": 41, "meetdate": "2022-01-08T16:40:00Z", "diagnosis": "Tachycardia"}}, {"model": "homepage.timetable", "pk": 147, "fields": {"customer": 253, "doctor": 42, "meetdate": "2020-09-08T17:19:00Z", "diagnosis": "Coronavirus"}}, {"model": "homepage.timetable", "pk": 148, "fields": {"customer": 28, "doctor": 22, "meetdate": "2020-07-18T16:57:00Z", "diagnosis": "Psoriasis"}}, {"model": "homepage.timetable", "pk": 149, "fields": {"customer": 220, "doctor": 31, "meetdate": "2021-03-22T19:34:00Z", "diagnosis": "Tachycardia"}}, {"model": "homepage.timetable", "pk": 150, "fields": {"customer": 279, "doctor": 29, "meetdate": "2020-02-04T15:13:00Z", "diagnosis": "Hypertension"}}, {"model": "homepage.timetable", "pk": 151, "fields": {"customer": 162, "doctor": 3, "meetdate": "2020-03-27T21:31:00Z", "diagnosis": "Hypertension"}}, {"model": "homepage.timetable", "pk": 152, "fields": {"customer": 261, "doctor": 50, "meetdate": "2022-01-20T17:02:00Z", "diagnosis": "Hypertension"}}, {"model": "homepage.timetable", "pk": 153, "fields": {"customer": 204, "doctor": 50, "meetdate": "2020-06-25T15:36:00Z", "diagnosis": "Concussions"}}, {"model": "homepage.timetable", "pk": 154, "fields": {"customer": 296, "doctor": 47, "meetdate": "2022-06-01T21:15:00Z", "diagnosis": "Hypertension"}}, {"model": "homepage.timetable", "pk": 155, "fields": {"customer": 233, "doctor": 5, "meetdate": "2020-10-13T18:41:00Z", "diagnosis": "Coronavirus"}}, {"model": "homepage.timetable", "pk": 156, "fields": {"customer": 167, "doctor": 20, "meetdate": "2020-08-19T19:54:00Z", "diagnosis": "Concussions"}}, {"model": "homepage.timetable", "pk": 157, "fields": {"customer": 52, "doctor": 35, "meetdate": "2022-02-05T19:19:00Z", "diagnosis": "Hypertension"}}, {"model": "homepage.timetable", "pk": 158, "fields": {"customer": 144, "doctor": 41, "meetdate": "2022-03-01T18:33:00Z", "diagnosis": "Concussions"}}, {"model": "homepage.timetable", "pk": 159, "fields": {"customer": 287, "doctor": 6, "meetdate": "2021-06-27T17:01:00Z", "diagnosis": "Psoriasis"}}, {"model": "homepage.timetable", "pk": 160, "fields": {"customer": 243, "doctor": 50, "meetdate": "2022-04-02T12:57:00Z", "diagnosis": "Psoriasis"}}, {"model": "homepage.timetable", "pk": 162, "fields": {"customer": 277, "doctor": 27, "meetdate": "2020-12-19T12:18:00Z", "diagnosis": "Flu"}}, {"model": "homepage.timetable", "pk": 163, "fields": {"customer": 261, "doctor": 21, "meetdate": "2022-11-13T14:19:00Z", "diagnosis": "Hypertension"}}, {"model": "homepage.timetable", "pk": 164, "fields": {"customer": 92, "doctor": 34, "meetdate": "2020-01-23T19:08:00Z", "diagnosis": "Schizophrenia"}}, {"model": "homepage.timetable", "pk": 165, "fields": {"customer": 141, "doctor": 10, "meetdate": "2022-06-02T15:27:00Z", "diagnosis": "Schizophrenia"}}, {"model": "homepage.timetable", "pk": 166, "fields": {"customer": 191, "doctor": 34, "meetdate": "2021-06-28T10:13:00Z", "diagnosis": "Flu"}}, {"model": "homepage.timetable", "pk": 168, "fields": {"customer": 37, "doctor": 6, "meetdate": "2021-11-10T14:53:00Z", "diagnosis": "Psoriasis"}}, {"model": "homepage.timetable", "pk": 170, "fields": {"customer": 198, "doctor": 44, "meetdate": "2021-12-06T10:46:00Z", "diagnosis": "Schizophrenia"}}, {"model": "homepage.timetable", "pk": 171, "fields": {"customer": 127, "doctor": 14, "meetdate": "2022-04-22T18:42:00Z", "diagnosis": "Hypertension"}}, {"model": "homepage.timetable", "pk": 172, "fields": {"customer": 172, "doctor": 12, "meetdate": "2021-09-21T15:20:00Z", "diagnosis": "Coronavirus"}}, {"model": "homepage.timetable", "pk": 173, "fields": {"customer": 250, "doctor": 18, "meetdate": "2020-07-01T10:16:00Z", "diagnosis": "Tachycardia"}}, {"model": "homepage.timetable", "pk": 174, "fields": {"customer": 136, "doctor": 20, "meetdate": "2021-07-20T14:02:00Z", "diagnosis": "Psoriasis"}}, {"model": "homepage.timetable", "pk": 175, "fields": {"customer": 65, "doctor": 21, "meetdate": "2022-01-26T16:28:00Z", "diagnosis": "Coronavirus"}}, {"model": "homepage.timetable", "pk": 176, "fields": {"customer": 275, "doctor": 35, "meetdate": "2020-06-11T13:30:00Z", "diagnosis": "Hypertension"}}, {"model": "homepage.timetable", "pk": 177, "fields": {"customer": 226, "doctor": 51, "meetdate": "2021-01-06T15:22:00Z", "diagnosis": "Flu"}}, {"model": "homepage.timetable", "pk": 178, "fields": {"customer": 75, "doctor": 36, "meetdate": "2022-06-11T13:51:00Z", "diagnosis": "Tachycardia"}}, {"model": "homepage.timetable", "pk": 179, "fields": {"customer": 108, "doctor": 17, "meetdate": "2021-01-22T10:28:00Z", "diagnosis": "Coronavirus"}}, {"model": "homepage.timetable", "pk": 181, "fields": {"customer": 94, "doctor": 14, "meetdate": "2022-07-24T18:44:00Z", "diagnosis": "Coronavirus"}}, {"model": "homepage.timetable", "pk": 182, "fields": {"customer": 93, "doctor": 11, "meetdate": "2021-09-20T16:19:00Z", "diagnosis": "Schizophrenia"}}, {"model": "homepage.timetable", "pk": 183, "fields": {"customer": 5, "doctor": 47, "meetdate": "2020-10-12T08:17:00Z", "diagnosis": "Coronavirus"}}, {"model": "homepage.timetable", "pk": 184, "fields": {"customer": 11, "doctor": 25, "meetdate": "2020-05-22T14:23:00Z", "diagnosis": "Coronavirus"}}, {"model": "homepage.timetable", "pk": 186, "fields": {"customer": 213, "doctor": 40, "meetdate": "2022-05-22T17:52:00Z", "diagnosis": "Flu"}}, {"model": "homepage.timetable", "pk": 187, "fields": {"customer": 62, "doctor": 26, "meetdate": "2022-05-28T20:17:00Z", "diagnosis": "Psoriasis"}}, {"model": "homepage.timetable", "pk": 188, "fields": {"customer": 86, "doctor": 43, "meetdate": "2021-10-17T15:25:00Z", "diagnosis": "Flu"}}, {"model": "homepage.timetable", "pk": 189, "fields": {"customer": 98, "doctor": 51, "meetdate": "2020-06-11T17:19:00Z", "diagnosis": "Hypertension"}}, {"model": "homepage.timetable", "pk": 190, "fields": {"customer": 210, "doctor": 26, "meetdate": "2020-02-03T10:20:00Z", "diagnosis": "Concussions"}}, {"model": "homepage.timetable", "pk": 191, "fields": {"customer": 110, "doctor": 13, "meetdate": "2022-12-01T13:47:00Z", "diagnosis": "Hypertension"}}, {"model": "homepage.timetable", "pk": 192, "fields": {"customer": 21, "doctor": 39, "meetdate": "2021-02-13T09:28:00Z", "diagnosis": "Psoriasis"}}, {"model": "homepage.timetable", "pk": 193, "fields": {"customer": 134, "doctor": 7, "meetdate": "2021-07-05T16:39:00Z", "diagnosis": "Concussions"}}, {"model": "homepage.timetable", "pk": 194, "fields": {"customer": 78, "doctor": 47, "meetdate": "2021-10-16T15:32:00Z", "diagnosis": "Tachycardia"}}, {"model": "homepage.timetable", "pk": 195, "fields": {"customer": 33, "doctor": 13, "meetdate": "2022-05-03T21:24:00Z", "diagnosis": "Hypertension"}}, {"model": "homepage.timetable", "pk": 196, "fields": {"customer": 137, "doctor": 5, "meetdate": "2022-05-06T09:04:00Z", "diagnosis": "Concussions"}}, {"model": "homepage.timetable", "pk": 197, "fields": {"customer": 210, "doctor": 8, "meetdate": "2021-03-11T21:26:00Z", "diagnosis": "Concussions"}}, {"model": "homepage.timetable", "pk": 198, "fields": {"customer": 230, "doctor": 13, "meetdate": "2020-12-09T20:52:00Z", "diagnosis": "Psoriasis"}}, {"model": "homepage.timetable", "pk": 199, "fields": {"customer": 9, "doctor": 49, "meetdate": "2021-12-12T19:24:00Z", "diagnosis": "Psoriasis"}}, {"model": "homepage.timetable", "pk": 200, "fields": {"customer": 140, "doctor": 40, "meetdate": "2020-02-11T21:28:00Z", "diagnosis": "Flu"}}, {"model": "homepage.timetable", "pk": 201, "fields": {"customer": 143, "doctor": 20, "meetdate": "2020-04-25T09:01:00Z", "diagnosis": "Psoriasis"}}, {"model": "homepage.timetable", "pk": 202, "fields": {"customer": 151, "doctor": 14, "meetdate": "2020-04-02T14:23:00Z", "diagnosis": "Schizophrenia"}}, {"model": "homepage.timetable", "pk": 203, "fields": {"customer": 7, "doctor": 35, "meetdate": "2020-06-28T18:54:00Z", "diagnosis": "Tachycardia"}}, {"model": "homepage.timetable", "pk": 204, "fields": {"customer": 106, "doctor": 43, "meetdate": "2021-05-14T12:26:00Z", "diagnosis": "Flu"}}, {"model": "homepage.timetable", "pk": 205, "fields": {"customer": 35, "doctor": 31, "meetdate": "2022-11-05T20:30:00Z", "diagnosis": "Hypertension"}}, {"model": "homepage.timetable", "pk": 206, "fields": {"customer": 2, "doctor": 48, "meetdate": "2020-10-22T09:39:00Z", "diagnosis": "Schizophrenia"}}, {"model": "homepage.timetable", "pk": 207, "fields": {"customer": 151, "doctor": 32, "meetdate": "2021-08-16T08:49:00Z", "diagnosis": "Concussions"}}, {"model": "homepage.timetable", "pk": 208, "fields": {"customer": 171, "doctor": 5, "meetdate": "2020-11-20T14:16:00Z", "diagnosis": "Schizophrenia"}}, {"model": "homepage.timetable", "pk": 209, "fields": {"customer": 189, "doctor": 29, "meetdate": "2021-12-20T20:14:00Z", "diagnosis": "Coronavirus"}}, {"model": "homepage.timetable", "pk": 210, "fields": {"customer": 105, "doctor": 39, "meetdate": "2020-11-11T19:09:00Z", "diagnosis": "Tachycardia"}}, {"model": "homepage.timetable", "pk": 211, "fields": {"customer": 260, "doctor": 44, "meetdate": "2021-04-08T13:49:00Z", "diagnosis": "Coronavirus"}}, {"model": "homepage.timetable", "pk": 212, "fields": {"customer": 23, "doctor": 8, "meetdate": "2021-02-04T18:41:00Z", "diagnosis": "Concussions"}}, {"model": "homepage.timetable", "pk": 213, "fields": {"customer": 119, "doctor": 14, "meetdate": "2021-09-25T17:01:00Z", "diagnosis": "Psoriasis"}}, {"model": "homepage.timetable", "pk": 214, "fields": {"customer": 24, "doctor": 27, "meetdate": "2022-09-10T15:33:00Z", "diagnosis": "Schizophrenia"}}, {"model": "homepage.timetable", "pk": 215, "fields": {"customer": 187, "doctor": 23, "meetdate": "2021-04-24T11:23:00Z", "diagnosis": "Flu"}}, {"model": "homepage.timetable", "pk": 216, "fields": {"customer": 4, "doctor": 48, "meetdate": "2020-07-14T11:00:00Z", "diagnosis": "Psoriasis"}}, {"model": "homepage.timetable", "pk": 217, "fields": {"customer": 9, "doctor": 15, "meetdate": "2020-04-04T09:03:00Z", "diagnosis": "Psoriasis"}}, {"model": "homepage.timetable", "pk": 218, "fields": {"customer": 130, "doctor": 23, "meetdate": "2021-07-07T10:00:00Z", "diagnosis": "Coronavirus"}}, {"model": "homepage.timetable", "pk": 219, "fields": {"customer": 158, "doctor": 47, "meetdate": "2022-05-11T11:19:00Z", "diagnosis": "Flu"}}, {"model": "homepage.timetable", "pk": 220, "fields": {"customer": 145, "doctor": 10, "meetdate": "2022-03-19T11:29:00Z", "diagnosis": "Coronavirus"}}, {"model": "homepage.timetable", "pk": 221, "fields": {"customer": 258, "doctor": 21, "meetdate": "2020-03-20T19:38:00Z", "diagnosis": "Tachycardia"}}, {"model": "homepage.timetable", "pk": 222, "fields": {"customer": 111, "doctor": 24, "meetdate": "2021-11-22T11:08:00Z", "diagnosis": "Schizophrenia"}}, {"model": "homepage.timetable", "pk": 223, "fields": {"customer": 191, "doctor": 42, "meetdate": "2022-05-27T08:33:00Z", "diagnosis": "Hypertension"}}, {"model": "homepage.timetable", "pk": 224, "fields": {"customer": 63, "doctor": 9, "meetdate": "2021-04-11T12:31:00Z", "diagnosis": "Coronavirus"}}, {"model": "homepage.timetable", "pk": 225, "fields": {"customer": 130, "doctor": 18, "meetdate": "2021-10-02T20:38:00Z", "diagnosis": "Tachycardia"}}, {"model": "homepage.timetable", "pk": 226, "fields": {"customer": 260, "doctor": 10, "meetdate": "2022-07-05T17:20:00Z", "diagnosis": "Coronavirus"}}, {"model": "homepage.timetable", "pk": 227, "fields": {"customer": 117, "doctor": 17, "meetdate": "2020-06-04T19:42:00Z", "diagnosis": "Schizophrenia"}}, {"model": "homepage.timetable", "pk": 228, "fields": {"customer": 193, "doctor": 20, "meetdate": "2022-08-12T09:04:00Z", "diagnosis": "Psoriasis"}}, {"model": "homepage.timetable", "pk": 229, "fields": {"customer": 173, "doctor": 49, "meetdate": "2021-07-05T15:26:00Z", "diagnosis": "Flu"}}, {"model": "homepage.timetable", "pk": 230, "fields": {"customer": 267, "doctor": 39, "meetdate": "2021-04-25T12:05:00Z", "diagnosis": "Coronavirus"}}, {"model": "homepage.timetable", "pk": 231, "fields": {"customer": 158, "doctor": 44, "meetdate": "2021-06-23T15:56:00Z", "diagnosis": "Concussions"}}, {"model": "homepage.timetable", "pk": 232, "fields": {"customer": 52, "doctor": 33, "meetdate": "2022-02-18T12:51:00Z", "diagnosis": "Hypertension"}}, {"model": "homepage.timetable", "pk": 233, "fields": {"customer": 105, "doctor": 24, "meetdate": "2021-07-05T08:28:00Z", "diagnosis": "Coronavirus"}}, {"model": "homepage.timetable", "pk": 236, "fields": {"customer": 215, "doctor": 32, "meetdate": "2021-11-12T11:12:00Z", "diagnosis": "Coronavirus"}}, {"model": "homepage.timetable", "pk": 237, "fields": {"customer": 220, "doctor": 29, "meetdate": "2020-01-14T13:04:00Z", "diagnosis": "Hypertension"}}, {"model": "homepage.timetable", "pk": 238, "fields": {"customer": 135, "doctor": 5, "meetdate": "2022-08-16T08:34:00Z", "diagnosis": "Tachycardia"}}, {"model": "homepage.timetable", "pk": 239, "fields": {"customer": 138, "doctor": 11, "meetdate": "2021-12-22T10:55:00Z", "diagnosis": "Coronavirus"}}, {"model": "homepage.timetable", "pk": 241, "fields": {"customer": 238, "doctor": 33, "meetdate": "2021-07-07T13:52:00Z", "diagnosis": "Schizophrenia"}}, {"model": "homepage.timetable", "pk": 242, "fields": {"customer": 230, "doctor": 26, "meetdate": "2020-02-13T11:35:00Z", "diagnosis": "Coronavirus"}}, {"model": "homepage.timetable", "pk": 243, "fields": {"customer": 23, "doctor": 5, "meetdate": "2022-07-03T17:19:00Z", "diagnosis": "Schizophrenia"}}, {"model": "homepage.timetable", "pk": 244, "fields": {"customer": 239, "doctor": 25, "meetdate": "2022-04-17T10:32:00Z", "diagnosis": "Coronavirus"}}, {"model": "homepage.timetable", "pk": 245, "fields": {"customer": 215, "doctor": 13, "meetdate": "2020-04-13T12:30:00Z", "diagnosis": "Flu"}}, {"model": "homepage.timetable", "pk": 246, "fields": {"customer": 100, "doctor": 35, "meetdate": "2021-07-02T15:17:00Z", "diagnosis": "Tachycardia"}}, {"model": "homepage.timetable", "pk": 247, "fields": {"customer": 56, "doctor": 35, "meetdate": "2021-10-20T18:01:00Z", "diagnosis": "Coronavirus"}}, {"model": "homepage.timetable", "pk": 248, "fields": {"customer": 142, "doctor": 26, "meetdate": "2020-07-17T18:01:00Z", "diagnosis": "Coronavirus"}}, {"model": "homepage.timetable", "pk": 249, "fields": {"customer": 151, "doctor": 18, "meetdate": "2021-03-26T16:01:00Z", "diagnosis": "Psoriasis"}}, {"model": "homepage.timetable", "pk": 250, "fields": {"customer": 106, "doctor": 29, "meetdate": "2022-07-08T17:46:00Z", "diagnosis": "Flu"}}, {"model": "homepage.timetable", "pk": 251, "fields": {"customer": 55, "doctor": 3, "meetdate": "2021-09-08T12:09:00Z", "diagnosis": "Concussions"}}, {"model": "homepage.timetable", "pk": 252, "fields": {"customer": 55, "doctor": 42, "meetdate": "2021-01-13T14:23:00Z", "diagnosis": "Hypertension"}}, {"model": "homepage.timetable", "pk": 253, "fields": {"customer": 273, "doctor": 8, "meetdate": "2022-06-28T10:12:00Z", "diagnosis": "Coronavirus"}}, {"model": "homepage.timetable", "pk": 254, "fields": {"customer": 64, "doctor": 12, "meetdate": "2021-05-12T08:23:00Z", "diagnosis": "Tachycardia"}}, {"model": "homepage.timetable", "pk": 255, "fields": {"customer": 196, "doctor": 6, "meetdate": "2021-06-05T11:45:00Z", "diagnosis": "Concussions"}}, {"model": "homepage.timetable", "pk": 256, "fields": {"customer": 19, "doctor": 48, "meetdate": "2021-09-25T16:53:00Z", "diagnosis": "Flu"}}, {"model": "homepage.timetable", "pk": 257, "fields": {"customer": 82, "doctor": 47, "meetdate": "2020-01-21T20:22:00Z", "diagnosis": "Hypertension"}}, {"model": "homepage.timetable", "pk": 258, "fields": {"customer": 285, "doctor": 19, "meetdate": "2022-10-20T11:32:00Z", "diagnosis": "Concussions"}}, {"model": "homepage.timetable", "pk": 259, "fields": {"customer": 222, "doctor": 3, "meetdate": "2022-09-21T19:37:00Z", "diagnosis": "Flu"}}, {"model": "homepage.timetable", "pk": 260, "fields": {"customer": 14, "doctor": 47, "meetdate": "2022-03-09T10:41:00Z", "diagnosis": "Concussions"}}, {"model": "homepage.timetable", "pk": 261, "fields": {"customer": 114, "doctor": 36, "meetdate": "2022-06-26T20:30:00Z", "diagnosis": "Psoriasis"}}, {"model": "homepage.timetable", "pk": 262, "fields": {"customer": 294, "doctor": 28, "meetdate": "2020-08-18T13:41:00Z", "diagnosis": "Psoriasis"}}, {"model": "homepage.timetable", "pk": 263, "fields": {"customer": 63, "doctor": 39, "meetdate": "2021-01-06T17:51:00Z", "diagnosis": "Coronavirus"}}, {"model": "homepage.timetable", "pk": 264, "fields": {"customer": 204, "doctor": 15, "meetdate": "2021-03-05T10:46:00Z", "diagnosis": "Concussions"}}, {"model": "homepage.timetable", "pk": 265, "fields": {"customer": 183, "doctor": 39, "meetdate": "2021-10-12T20:49:00Z", "diagnosis": "Schizophrenia"}}, {"model": "homepage.timetable", "pk": 266, "fields": {"customer": 243, "doctor": 40, "meetdate": "2021-11-01T16:21:00Z", "diagnosis": "Psoriasis"}}, {"model": "homepage.timetable", "pk": 267, "fields": {"customer": 187, "doctor": 49, "meetdate": "2020-08-15T10:44:00Z", "diagnosis": "Concussions"}}, {"model": "homepage.timetable", "pk": 268, "fields": {"customer": 69, "doctor": 37, "meetdate": "2022-06-28T12:38:00Z", "diagnosis": "Flu"}}, {"model": "homepage.timetable", "pk": 269, "fields": {"customer": 105, "doctor": 45, "meetdate": "2021-11-24T14:01:00Z", "diagnosis": "Coronavirus"}}, {"model": "homepage.timetable", "pk": 270, "fields": {"customer": 246, "doctor": 14, "meetdate": "2022-11-17T15:12:00Z", "diagnosis": "Schizophrenia"}}, {"model": "homepage.timetable", "pk": 271, "fields": {"customer": 261, "doctor": 31, "meetdate": "2021-03-09T19:06:00Z", "diagnosis": "Coronavirus"}}, {"model": "homepage.timetable", "pk": 272, "fields": {"customer": 191, "doctor": 43, "meetdate": "2021-04-19T11:06:00Z", "diagnosis": "Tachycardia"}}, {"model": "homepage.timetable", "pk": 273, "fields": {"customer": 61, "doctor": 6, "meetdate": "2022-12-26T11:05:00Z", "diagnosis": "Schizophrenia"}}, {"model": "homepage.timetable", "pk": 274, "fields": {"customer": 222, "doctor": 32, "meetdate": "2020-05-09T19:46:00Z", "diagnosis": "Psoriasis"}}, {"model": "homepage.timetable", "pk": 276, "fields": {"customer": 158, "doctor": 45, "meetdate": "2021-08-28T21:54:00Z", "diagnosis": "Tachycardia"}}, {"model": "homepage.timetable", "pk": 277, "fields": {"customer": 156, "doctor": 11, "meetdate": "2022-08-15T11:44:00Z", "diagnosis": "Tachycardia"}}, {"model": "homepage.timetable", "pk": 278, "fields": {"customer": 200, "doctor": 36, "meetdate": "2020-07-14T15:21:00Z", "diagnosis": "Hypertension"}}, {"model": "homepage.timetable", "pk": 279, "fields": {"customer": 263, "doctor": 39, "meetdate": "2021-09-19T19:54:00Z", "diagnosis": "Concussions"}}, {"model": "homepage.timetable", "pk": 280, "fields": {"customer": 285, "doctor": 5, "meetdate": "2021-09-10T20:07:00Z", "diagnosis": "Flu"}}, {"model": "homepage.timetable", "pk": 281, "fields": {"customer": 135, "doctor": 41, "meetdate": "2022-06-06T21:11:00Z", "diagnosis": "Hypertension"}}, {"model": "homepage.timetable", "pk": 282, "fields": {"customer": 2, "doctor": 41, "meetdate": "2022-12-20T17:45:00Z", "diagnosis": "Flu"}}, {"model": "homepage.timetable", "pk": 284, "fields": {"customer": 234, "doctor": 17, "meetdate": "2022-03-06T19:42:00Z", "diagnosis": "Psoriasis"}}, {"model": "homepage.timetable", "pk": 285, "fields": {"customer": 123, "doctor": 26, "meetdate": "2020-01-24T20:44:00Z", "diagnosis": "Concussions"}}, {"model": "homepage.timetable", "pk": 286, "fields": {"customer": 109, "doctor": 20, "meetdate": "2021-08-27T21:25:00Z", "diagnosis": "Coronavirus"}}, {"model": "homepage.timetable", "pk": 287, "fields": {"customer": 224, "doctor": 24, "meetdate": "2020-01-10T16:05:00Z", "diagnosis": "Flu"}}, {"model": "homepage.timetable", "pk": 288, "fields": {"customer": 38, "doctor": 23, "meetdate": "2022-09-23T18:07:00Z", "diagnosis": "Concussions"}}, {"model": "homepage.timetable", "pk": 289, "fields": {"customer": 98, "doctor": 15, "meetdate": "2022-08-04T13:09:00Z", "diagnosis": "Hypertension"}}, {"model": "homepage.timetable", "pk": 291, "fields": {"customer": 70, "doctor": 25, "meetdate": "2020-07-14T12:21:00Z", "diagnosis": "Schizophrenia"}}, {"model": "homepage.timetable", "pk": 295, "fields": {"customer": 258, "doctor": 4, "meetdate": "2022-08-27T12:21:00Z", "diagnosis": "Psoriasis"}}, {"model": "homepage.timetable", "pk": 296, "fields": {"customer": 170, "doctor": 41, "meetdate": "2022-07-02T13:16:00Z", "diagnosis": "Psoriasis"}}, {"model": "homepage.timetable", "pk": 297, "fields": {"customer": 166, "doctor": 22, "meetdate": "2021-12-04T15:16:00Z", "diagnosis": "Concussions"}}, {"model": "homepage.timetable", "pk": 298, "fields": {"customer": 49, "doctor": 31, "meetdate": "2020-03-25T08:46:00Z", "diagnosis": "Concussions"}}, {"model": "homepage.timetable", "pk": 299, "fields": {"customer": 161, "doctor": 27, "meetdate": "2020-01-04T17:02:00Z", "diagnosis": "Concussions"}}, {"model": "homepage.timetable", "pk": 300, "fields": {"customer": 235, "doctor": 39, "meetdate": "2021-07-13T12:00:00Z", "diagnosis": "Concussions"}}, {"model": "homepage.timetable", "pk": 301, "fields": {"customer": 20, "doctor": 18, "meetdate": "2020-04-11T19:25:00Z", "diagnosis": "Tachycardia"}}, {"model": "homepage.timetable", "pk": 302, "fields": {"customer": 274, "doctor": 24, "meetdate": "2022-09-01T08:18:00Z", "diagnosis": "Tachycardia"}}, {"model": "homepage.timetable", "pk": 303, "fields": {"customer": 115, "doctor": 47, "meetdate": "2020-02-28T16:32:00Z", "diagnosis": "Tachycardia"}}, {"model": "homepage.timetable", "pk": 304, "fields": {"customer": 271, "doctor": 8, "meetdate": "2020-11-14T11:36:00Z", "diagnosis": "Flu"}}, {"model": "homepage.timetable", "pk": 305, "fields": {"customer": 32, "doctor": 45, "meetdate": "2021-01-02T17:37:00Z", "diagnosis": "Coronavirus"}}, {"model": "homepage.timetable", "pk": 306, "fields": {"customer": 139, "doctor": 21, "meetdate": "2021-06-23T17:04:00Z", "diagnosis": "Hypertension"}}, {"model": "homepage.timetable", "pk": 307, "fields": {"customer": 299, "doctor": 47, "meetdate": "2020-10-14T19:12:00Z", "diagnosis": "Psoriasis"}}, {"model": "homepage.timetable", "pk": 308, "fields": {"customer": 263, "doctor": 24, "meetdate": "2021-02-09T20:01:00Z", "diagnosis": "Hypertension"}}, {"model": "homepage.timetable", "pk": 310, "fields": {"customer": 35, "doctor": 36, "meetdate": "2020-01-07T18:30:00Z", "diagnosis": "Concussions"}}, {"model": "homepage.timetable", "pk": 311, "fields": {"customer": 211, "doctor": 25, "meetdate": "2022-05-14T09:06:00Z", "diagnosis": "Psoriasis"}}, {"model": "homepage.timetable", "pk": 312, "fields": {"customer": 130, "doctor": 43, "meetdate": "2022-12-25T21:34:00Z", "diagnosis": "Hypertension"}}, {"model": "homepage.timetable", "pk": 313, "fields": {"customer": 26, "doctor": 9, "meetdate": "2022-10-05T13:06:00Z", "diagnosis": "Tachycardia"}}, {"model": "homepage.timetable", "pk": 314, "fields": {"customer": 190, "doctor": 50, "meetdate": "2021-05-18T14:04:00Z", "diagnosis": "Hypertension"}}, {"model": "homepage.timetable", "pk": 315, "fields": {"customer": 222, "doctor": 20, "meetdate": "2020-09-24T20:54:00Z", "diagnosis": "Coronavirus"}}, {"model": "homepage.timetable", "pk": 316, "fields": {"customer": 45, "doctor": 34, "meetdate": "2020-09-27T10:01:00Z", "diagnosis": "Psoriasis"}}, {"model": "homepage.timetable", "pk": 317, "fields": {"customer": 61, "doctor": 39, "meetdate": "2021-10-09T18:11:00Z", "diagnosis": "Schizophrenia"}}, {"model": "homepage.timetable", "pk": 318, "fields": {"customer": 40, "doctor": 8, "meetdate": "2020-08-25T19:59:00Z", "diagnosis": "Coronavirus"}}, {"model": "homepage.timetable", "pk": 319, "fields": {"customer": 234, "doctor": 40, "meetdate": "2021-06-17T20:28:00Z", "diagnosis": "Flu"}}, {"model": "homepage.timetable", "pk": 320, "fields": {"customer": 48, "doctor": 12, "meetdate": "2022-04-01T15:54:00Z", "diagnosis": "Tachycardia"}}, {"model": "homepage.timetable", "pk": 321, "fields": {"customer": 26, "doctor": 21, "meetdate": "2020-01-05T17:12:00Z", "diagnosis": "Coronavirus"}}, {"model": "homepage.timetable", "pk": 322, "fields": {"customer": 129, "doctor": 6, "meetdate": "2022-05-08T09:09:00Z", "diagnosis": "Flu"}}, {"model": "homepage.timetable", "pk": 323, "fields": {"customer": 131, "doctor": 43, "meetdate": "2022-11-17T20:57:00Z", "diagnosis": "Hypertension"}}, {"model": "homepage.timetable", "pk": 324, "fields": {"customer": 231, "doctor": 33, "meetdate": "2021-06-22T12:24:00Z", "diagnosis": "Tachycardia"}}, {"model": "homepage.timetable", "pk": 325, "fields": {"customer": 10, "doctor": 49, "meetdate": "2022-06-05T19:49:00Z", "diagnosis": "Coronavirus"}}, {"model": "homepage.timetable", "pk": 326, "fields": {"customer": 73, "doctor": 46, "meetdate": "2022-04-06T14:48:00Z", "diagnosis": "Psoriasis"}}, {"model": "homepage.timetable", "pk": 327, "fields": {"customer": 276, "doctor": 22, "meetdate": "2020-05-10T13:25:00Z", "diagnosis": "Concussions"}}, {"model": "homepage.timetable", "pk": 329, "fields": {"customer": 88, "doctor": 43, "meetdate": "2020-03-06T21:40:00Z", "diagnosis": "Schizophrenia"}}, {"model": "homepage.timetable", "pk": 330, "fields": {"customer": 164, "doctor": 51, "meetdate": "2022-04-07T20:41:00Z", "diagnosis": "Concussions"}}, {"model": "homepage.timetable", "pk": 331, "fields": {"customer": 175, "doctor": 49, "meetdate": "2021-01-09T15:38:00Z", "diagnosis": "Concussions"}}, {"model": "homepage.timetable", "pk": 332, "fields": {"customer": 213, "doctor": 40, "meetdate": "2022-09-17T17:53:00Z", "diagnosis": "Coronavirus"}}, {"model": "homepage.timetable", "pk": 333, "fields": {"customer": 2, "doctor": 36, "meetdate": "2022-05-19T16:26:00Z", "diagnosis": "Psoriasis"}}, {"model": "homepage.timetable", "pk": 334, "fields": {"customer": 286, "doctor": 6, "meetdate": "2020-06-05T13:11:00Z", "diagnosis": "Hypertension"}}, {"model": "homepage.timetable", "pk": 335, "fields": {"customer": 101, "doctor": 26, "meetdate": "2021-09-12T13:24:00Z", "diagnosis": "Concussions"}}, {"model": "homepage.timetable", "pk": 336, "fields": {"customer": 124, "doctor": 24, "meetdate": "2021-04-21T09:53:00Z", "diagnosis": "Concussions"}}, {"model": "homepage.timetable", "pk": 337, "fields": {"customer": 122, "doctor": 6, "meetdate": "2020-02-10T16:51:00Z", "diagnosis": "Tachycardia"}}, {"model": "homepage.timetable", "pk": 338, "fields": {"customer": 281, "doctor": 19, "meetdate": "2020-12-15T17:45:00Z", "diagnosis": "Coronavirus"}}, {"model": "homepage.timetable", "pk": 339, "fields": {"customer": 204, "doctor": 18, "meetdate": "2020-06-11T13:02:00Z", "diagnosis": "Psoriasis"}}, {"model": "homepage.timetable", "pk": 340, "fields": {"customer": 174, "doctor": 48, "meetdate": "2020-08-03T10:54:00Z", "diagnosis": "Coronavirus"}}, {"model": "homepage.timetable", "pk": 341, "fields": {"customer": 55, "doctor": 28, "meetdate": "2022-05-22T15:53:00Z", "diagnosis": "Concussions"}}, {"model": "homepage.timetable", "pk": 342, "fields": {"customer": 254, "doctor": 17, "meetdate": "2020-05-03T16:17:00Z", "diagnosis": "Hypertension"}}, {"model": "homepage.timetable", "pk": 343, "fields": {"customer": 31, "doctor": 17, "meetdate": "2022-08-17T10:57:00Z", "diagnosis": "Schizophrenia"}}, {"model": "homepage.timetable", "pk": 344, "fields": {"customer": 141, "doctor": 5, "meetdate": "2021-02-25T16:29:00Z", "diagnosis": "Flu"}}, {"model": "homepage.timetable", "pk": 345, "fields": {"customer": 254, "doctor": 41, "meetdate": "2022-02-17T12:21:00Z", "diagnosis": "Schizophrenia"}}, {"model": "homepage.timetable", "pk": 346, "fields": {"customer": 255, "doctor": 13, "meetdate": "2020-09-28T16:29:00Z", "diagnosis": "Concussions"}}, {"model": "homepage.timetable", "pk": 347, "fields": {"customer": 169, "doctor": 24, "meetdate": "2022-08-08T15:58:00Z", "diagnosis": "Flu"}}, {"model": "homepage.timetable", "pk": 348, "fields": {"customer": 221, "doctor": 38, "meetdate": "2020-11-25T11:37:00Z", "diagnosis": "Schizophrenia"}}, {"model": "homepage.timetable", "pk": 349, "fields": {"customer": 156, "doctor": 50, "meetdate": "2020-09-21T19:31:00Z", "diagnosis": "Psoriasis"}}, {"model": "homepage.timetable", "pk": 350, "fields": {"customer": 115, "doctor": 11, "meetdate": "2022-08-27T15:15:00Z", "diagnosis": "Flu"}}, {"model": "homepage.timetable", "pk": 351, "fields": {"customer": 98, "doctor": 24, "meetdate": "2021-04-24T10:12:00Z", "diagnosis": "Concussions"}}, {"model": "homepage.timetable", "pk": 352, "fields": {"customer": 11, "doctor": 26, "meetdate": "2020-05-02T11:51:00Z", "diagnosis": "Psoriasis"}}, {"model": "homepage.timetable", "pk": 353, "fields": {"customer": 297, "doctor": 12, "meetdate": "2021-03-01T10:05:00Z", "diagnosis": "Hypertension"}}, {"model": "homepage.timetable", "pk": 354, "fields": {"customer": 177, "doctor": 51, "meetdate": "2022-02-24T09:12:00Z", "diagnosis": "Tachycardia"}}, {"model": "homepage.timetable", "pk": 355, "fields": {"customer": 194, "doctor": 31, "meetdate": "2022-12-10T17:16:00Z", "diagnosis": "Concussions"}}, {"model": "homepage.timetable", "pk": 356, "fields": {"customer": 141, "doctor": 25, "meetdate": "2022-12-28T13:08:00Z", "diagnosis": "Tachycardia"}}, {"model": "homepage.timetable", "pk": 357, "fields": {"customer": 68, "doctor": 14, "meetdate": "2021-11-22T19:03:00Z", "diagnosis": "Tachycardia"}}, {"model": "homepage.timetable", "pk": 358, "fields": {"customer": 209, "doctor": 27, "meetdate": "2021-04-03T20:41:00Z", "diagnosis": "Coronavirus"}}, {"model": "homepage.timetable", "pk": 359, "fields": {"customer": 9, "doctor": 45, "meetdate": "2020-10-21T14:49:00Z", "diagnosis": "Coronavirus"}}, {"model": "homepage.timetable", "pk": 360, "fields": {"customer": 267, "doctor": 38, "meetdate": "2020-02-22T14:50:00Z", "diagnosis": "Tachycardia"}}, {"model": "homepage.timetable", "pk": 361, "fields": {"customer": 42, "doctor": 46, "meetdate": "2021-02-25T15:24:00Z", "diagnosis": "Concussions"}}, {"model": "homepage.timetable", "pk": 362, "fields": {"customer": 161, "doctor": 21, "meetdate": "2021-03-15T14:57:00Z", "diagnosis": "Flu"}}, {"model": "homepage.timetable", "pk": 363, "fields": {"customer": 13, "doctor": 5, "meetdate": "2022-12-09T08:43:00Z", "diagnosis": "Flu"}}, {"model": "homepage.timetable", "pk": 364, "fields": {"customer": 269, "doctor": 30, "meetdate": "2022-07-18T18:46:00Z", "diagnosis": "Psoriasis"}}, {"model": "homepage.timetable", "pk": 365, "fields": {"customer": 138, "doctor": 41, "meetdate": "2021-03-12T17:30:00Z", "diagnosis": "Tachycardia"}}, {"model": "homepage.timetable", "pk": 366, "fields": {"customer": 195, "doctor": 5, "meetdate": "2020-09-08T17:42:00Z", "diagnosis": "Tachycardia"}}, {"model": "homepage.timetable", "pk": 367, "fields": {"customer": 72, "doctor": 32, "meetdate": "2022-09-03T16:18:00Z", "diagnosis": "Concussions"}}, {"model": "homepage.timetable", "pk": 368, "fields": {"customer": 188, "doctor": 4, "meetdate": "2022-12-03T14:50:00Z", "diagnosis": "Flu"}}, {"model": "homepage.timetable", "pk": 369, "fields": {"customer": 13, "doctor": 32, "meetdate": "2022-03-25T11:33:00Z", "diagnosis": "Flu"}}, {"model": "homepage.timetable", "pk": 370, "fields": {"customer": 71, "doctor": 9, "meetdate": "2021-01-19T17:02:00Z", "diagnosis": "Hypertension"}}, {"model": "homepage.timetable", "pk": 371, "fields": {"customer": 134, "doctor": 19, "meetdate": "2020-07-06T21:08:00Z", "diagnosis": "Hypertension"}}, {"model": "homepage.timetable", "pk": 372, "fields": {"customer": 244, "doctor": 34, "meetdate": "2020-10-17T15:01:00Z", "diagnosis": "Concussions"}}, {"model": "homepage.timetable", "pk": 373, "fields": {"customer": 185, "doctor": 41, "meetdate": "2021-07-24T12:11:00Z", "diagnosis": "Hypertension"}}, {"model": "homepage.timetable", "pk": 374, "fields": {"customer": 225, "doctor": 39, "meetdate": "2020-05-20T09:57:00Z", "diagnosis": "Coronavirus"}}, {"model": "homepage.timetable", "pk": 375, "fields": {"customer": 201, "doctor": 40, "meetdate": "2020-08-14T18:24:00Z", "diagnosis": "Concussions"}}, {"model": "homepage.timetable", "pk": 376, "fields": {"customer": 33, "doctor": 27, "meetdate": "2021-01-15T12:59:00Z", "diagnosis": "Coronavirus"}}, {"model": "homepage.timetable", "pk": 378, "fields": {"customer": 34, "doctor": 39, "meetdate": "2022-12-14T09:48:00Z", "diagnosis": "Psoriasis"}}, {"model": "homepage.timetable", "pk": 379, "fields": {"customer": 57, "doctor": 3, "meetdate": "2020-12-27T08:15:00Z", "diagnosis": "Concussions"}}, {"model": "homepage.timetable", "pk": 380, "fields": {"customer": 158, "doctor": 13, "meetdate": "2022-07-08T18:16:00Z", "diagnosis": "Coronavirus"}}, {"model": "homepage.timetable", "pk": 381, "fields": {"customer": 115, "doctor": 16, "meetdate": "2022-10-13T20:01:00Z", "diagnosis": "Tachycardia"}}, {"model": "homepage.timetable", "pk": 382, "fields": {"customer": 218, "doctor": 25, "meetdate": "2022-10-05T21:22:00Z", "diagnosis": "Concussions"}}, {"model": "homepage.timetable", "pk": 383, "fields": {"customer": 83, "doctor": 6, "meetdate": "2022-01-26T12:19:00Z", "diagnosis": "Concussions"}}, {"model": "homepage.timetable", "pk": 384, "fields": {"customer": 59, "doctor": 46, "meetdate": "2022-12-09T09:36:00Z", "diagnosis": "Coronavirus"}}, {"model": "homepage.timetable", "pk": 385, "fields": {"customer": 157, "doctor": 22, "meetdate": "2020-03-25T10:49:00Z", "diagnosis": "Coronavirus"}}, {"model": "homepage.timetable", "pk": 386, "fields": {"customer": 267, "doctor": 36, "meetdate": "2022-11-24T21:48:00Z", "diagnosis": "Concussions"}}, {"model": "homepage.timetable", "pk": 387, "fields": {"customer": 162, "doctor": 28, "meetdate": "2020-04-12T13:24:00Z", "diagnosis": "Hypertension"}}, {"model": "homepage.timetable", "pk": 388, "fields": {"customer": 100, "doctor": 50, "meetdate": "2022-12-07T09:39:00Z", "diagnosis": "Concussions"}}, {"model": "homepage.timetable", "pk": 389, "fields": {"customer": 53, "doctor": 21, "meetdate": "2020-11-25T18:28:00Z", "diagnosis": "Coronavirus"}}, {"model": "homepage.timetable", "pk": 390, "fields": {"customer": 80, "doctor": 37, "meetdate": "2020-07-02T21:46:00Z", "diagnosis": "Coronavirus"}}, {"model": "homepage.timetable", "pk": 391, "fields": {"customer": 36, "doctor": 30, "meetdate": "2022-05-28T11:25:00Z", "diagnosis": "Coronavirus"}}, {"model": "homepage.timetable", "pk": 392, "fields": {"customer": 131, "doctor": 11, "meetdate": "2021-05-12T11:57:00Z", "diagnosis": "Psoriasis"}}, {"model": "homepage.timetable", "pk": 393, "fields": {"customer": 253, "doctor": 6, "meetdate": "2020-10-04T12:04:00Z", "diagnosis": "Flu"}}, {"model": "homepage.timetable", "pk": 394, "fields": {"customer": 143, "doctor": 10, "meetdate": "2022-09-19T16:09:00Z", "diagnosis": "Schizophrenia"}}, {"model": "homepage.timetable", "pk": 395, "fields": {"customer": 153, "doctor": 48, "meetdate": "2022-02-26T08:48:00Z", "diagnosis": "Hypertension"}}, {"model": "homepage.timetable", "pk": 396, "fields": {"customer": 252, "doctor": 44, "meetdate": "2021-08-28T15:06:00Z", "diagnosis": "Coronavirus"}}, {"model": "homepage.timetable", "pk": 397, "fields": {"customer": 250, "doctor": 34, "meetdate": "2020-07-20T12:06:00Z", "diagnosis": "Tachycardia"}}, {"model": "homepage.timetable", "pk": 398, "fields": {"customer": 291, "doctor": 6, "meetdate": "2022-11-21T08:34:00Z", "diagnosis": "Concussions"}}, {"model": "homepage.timetable", "pk": 399, "fields": {"customer": 229, "doctor": 18, "meetdate": "2021-02-10T20:07:00Z", "diagnosis": "Concussions"}}, {"model": "homepage.timetable", "pk": 400, "fields": {"customer": 148, "doctor": 17, "meetdate": "2021-02-05T16:40:00Z", "diagnosis": "Concussions"}}, {"model": "homepage.timetable", "pk": 401, "fields": {"customer": 274, "doctor": 48, "meetdate": "2022-07-27T15:53:00Z", "diagnosis": "Coronavirus"}}, {"model": "homepage.timetable", "pk": 402, "fields": {"customer": 27, "doctor": 41, "meetdate": "2020-07-28T17:15:00Z", "diagnosis": "Schizophrenia"}}, {"model": "homepage.timetable", "pk": 403, "fields": {"customer": 143, "doctor": 25, "meetdate": "2022-08-08T10:19:00Z", "diagnosis": "Psoriasis"}}, {"model": "homepage.timetable", "pk": 404, "fields": {"customer": 56, "doctor": 17, "meetdate": "2020-12-11T15:37:00Z", "diagnosis": "Schizophrenia"}}, {"model": "homepage.timetable", "pk": 405, "fields": {"customer": 271, "doctor": 32, "meetdate": "2022-04-18T18:14:00Z", "diagnosis": "Psoriasis"}}, {"model": "homepage.timetable", "pk": 407, "fields": {"customer": 13, "doctor": 23, "meetdate": "2021-09-22T18:56:00Z", "diagnosis": "Flu"}}, {"model": "homepage.timetable", "pk": 408, "fields": {"customer": 67, "doctor": 29, "meetdate": "2020-03-19T09:31:00Z", "diagnosis": "Psoriasis"}}, {"model": "homepage.timetable", "pk": 409, "fields": {"customer": 144, "doctor": 35, "meetdate": "2020-11-01T18:56:00Z", "diagnosis": "Coronavirus"}}, {"model": "homepage.timetable", "pk": 410, "fields": {"customer": 79, "doctor": 7, "meetdate": "2021-12-14T14:54:00Z", "diagnosis": "Coronavirus"}}, {"model": "homepage.timetable", "pk": 411, "fields": {"customer": 100, "doctor": 21, "meetdate": "2021-04-27T20:58:00Z", "diagnosis": "Psoriasis"}}, {"model": "homepage.timetable", "pk": 412, "fields": {"customer": 157, "doctor": 29, "meetdate": "2022-07-28T19:47:00Z", "diagnosis": "Tachycardia"}}, {"model": "homepage.timetable", "pk": 413, "fields": {"customer": 215, "doctor": 25, "meetdate": "2020-12-08T12:57:00Z", "diagnosis": "Flu"}}, {"model": "homepage.timetable", "pk": 414, "fields": {"customer": 141, "doctor": 39, "meetdate": "2020-10-11T13:04:00Z", "diagnosis": "Psoriasis"}}, {"model": "homepage.timetable", "pk": 415, "fields": {"customer": 115, "doctor": 39, "meetdate": "2021-06-03T19:08:00Z", "diagnosis": "Psoriasis"}}, {"model": "homepage.timetable", "pk": 416, "fields": {"customer": 41, "doctor": 23, "meetdate": "2021-04-18T21:08:00Z", "diagnosis": "Hypertension"}}, {"model": "homepage.timetable", "pk": 417, "fields": {"customer": 4, "doctor": 47, "meetdate": "2022-01-27T18:18:00Z", "diagnosis": "Concussions"}}, {"model": "homepage.timetable", "pk": 418, "fields": {"customer": 81, "doctor": 40, "meetdate": "2022-05-21T09:16:00Z", "diagnosis": "Concussions"}}, {"model": "homepage.timetable", "pk": 419, "fields": {"customer": 234, "doctor": 8, "meetdate": "2020-10-14T15:49:00Z", "diagnosis": "Tachycardia"}}, {"model": "homepage.timetable", "pk": 420, "fields": {"customer": 100, "doctor": 29, "meetdate": "2021-08-13T19:37:00Z", "diagnosis": "Coronavirus"}}, {"model": "homepage.timetable", "pk": 421, "fields": {"customer": 57, "doctor": 14, "meetdate": "2021-07-02T09:03:00Z", "diagnosis": "Coronavirus"}}, {"model": "homepage.timetable", "pk": 422, "fields": {"customer": 220, "doctor": 48, "meetdate": "2020-04-07T20:31:00Z", "diagnosis": "Psoriasis"}}, {"model": "homepage.timetable", "pk": 423, "fields": {"customer": 158, "doctor": 19, "meetdate": "2021-07-12T17:47:00Z", "diagnosis": "Coronavirus"}}, {"model": "homepage.timetable", "pk": 424, "fields": {"customer": 39, "doctor": 49, "meetdate": "2021-05-15T17:41:00Z", "diagnosis": "Tachycardia"}}, {"model": "homepage.timetable", "pk": 425, "fields": {"customer": 66, "doctor": 43, "meetdate": "2022-09-18T13:06:00Z", "diagnosis": "Schizophrenia"}}, {"model": "homepage.timetable", "pk": 426, "fields": {"customer": 233, "doctor": 13, "meetdate": "2022-10-04T09:42:00Z", "diagnosis": "Tachycardia"}}, {"model": "homepage.timetable", "pk": 427, "fields": {"customer": 270, "doctor": 23, "meetdate": "2022-02-23T15:21:00Z", "diagnosis": "Hypertension"}}, {"model": "homepage.timetable", "pk": 428, "fields": {"customer": 244, "doctor": 42, "meetdate": "2020-01-17T14:54:00Z", "diagnosis": "Flu"}}, {"model": "homepage.timetable", "pk": 429, "fields": {"customer": 186, "doctor": 47, "meetdate": "2020-05-27T13:50:00Z", "diagnosis": "Flu"}}, {"model": "homepage.timetable", "pk": 430, "fields": {"customer": 152, "doctor": 21, "meetdate": "2020-06-08T17:38:00Z", "diagnosis": "Coronavirus"}}, {"model": "homepage.timetable", "pk": 431, "fields": {"customer": 119, "doctor": 33, "meetdate": "2020-06-10T21:38:00Z", "diagnosis": "Schizophrenia"}}, {"model": "homepage.timetable", "pk": 432, "fields": {"customer": 12, "doctor": 11, "meetdate": "2020-10-05T08:21:00Z", "diagnosis": "Psoriasis"}}, {"model": "homepage.timetable", "pk": 433, "fields": {"customer": 277, "doctor": 43, "meetdate": "2022-08-05T21:19:00Z", "diagnosis": "Flu"}}, {"model": "homepage.timetable", "pk": 434, "fields": {"customer": 106, "doctor": 39, "meetdate": "2021-01-18T13:02:00Z", "diagnosis": "Concussions"}}, {"model": "homepage.timetable", "pk": 435, "fields": {"customer": 202, "doctor": 8, "meetdate": "2021-06-05T18:16:00Z", "diagnosis": "Coronavirus"}}, {"model": "homepage.timetable", "pk": 436, "fields": {"customer": 170, "doctor": 10, "meetdate": "2020-06-02T18:26:00Z", "diagnosis": "Flu"}}, {"model": "homepage.timetable", "pk": 437, "fields": {"customer": 75, "doctor": 13, "meetdate": "2022-10-03T13:45:00Z", "diagnosis": "Psoriasis"}}, {"model": "homepage.timetable", "pk": 438, "fields": {"customer": 65, "doctor": 28, "meetdate": "2020-09-11T18:32:00Z", "diagnosis": "Tachycardia"}}, {"model": "homepage.timetable", "pk": 439, "fields": {"customer": 211, "doctor": 41, "meetdate": "2020-09-17T21:01:00Z", "diagnosis": "Psoriasis"}}, {"model": "homepage.timetable", "pk": 440, "fields": {"customer": 213, "doctor": 43, "meetdate": "2021-02-25T09:04:00Z", "diagnosis": "Concussions"}}, {"model": "homepage.timetable", "pk": 441, "fields": {"customer": 260, "doctor": 44, "meetdate": "2021-05-23T08:57:00Z", "diagnosis": "Psoriasis"}}, {"model": "homepage.timetable", "pk": 442, "fields": {"customer": 145, "doctor": 3, "meetdate": "2021-03-21T11:23:00Z", "diagnosis": "Coronavirus"}}, {"model": "homepage.timetable", "pk": 443, "fields": {"customer": 287, "doctor": 46, "meetdate": "2021-12-14T12:10:00Z", "diagnosis": "Flu"}}, {"model": "homepage.timetable", "pk": 444, "fields": {"customer": 166, "doctor": 7, "meetdate": "2022-05-16T11:44:00Z", "diagnosis": "Schizophrenia"}}, {"model": "homepage.timetable", "pk": 445, "fields": {"customer": 89, "doctor": 27, "meetdate": "2020-12-17T19:47:00Z", "diagnosis": "Psoriasis"}}, {"model": "homepage.timetable", "pk": 446, "fields": {"customer": 140, "doctor": 30, "meetdate": "2022-01-16T12:32:00Z", "diagnosis": "Schizophrenia"}}, {"model": "homepage.timetable", "pk": 447, "fields": {"customer": 206, "doctor": 46, "meetdate": "2021-05-01T11:06:00Z", "diagnosis": "Psoriasis"}}, {"model": "homepage.timetable", "pk": 449, "fields": {"customer": 255, "doctor": 43, "meetdate": "2021-10-04T10:21:00Z", "diagnosis": "Coronavirus"}}, {"model": "homepage.timetable", "pk": 450, "fields": {"customer": 281, "doctor": 6, "meetdate": "2022-09-02T12:14:00Z", "diagnosis": "Coronavirus"}}, {"model": "homepage.timetable", "pk": 451, "fields": {"customer": 6, "doctor": 45, "meetdate": "2020-03-28T11:17:00Z", "diagnosis": "Hypertension"}}, {"model": "homepage.timetable", "pk": 452, "fields": {"customer": 238, "doctor": 43, "meetdate": "2022-06-11T21:16:00Z", "diagnosis": "Concussions"}}, {"model": "homepage.timetable", "pk": 453, "fields": {"customer": 42, "doctor": 8, "meetdate": "2022-07-23T12:14:00Z", "diagnosis": "Psoriasis"}}, {"model": "homepage.timetable", "pk": 454, "fields": {"customer": 197, "doctor": 51, "meetdate": "2020-08-26T19:19:00Z", "diagnosis": "Hypertension"}}, {"model": "homepage.timetable", "pk": 455, "fields": {"customer": 293, "doctor": 13, "meetdate": "2021-07-12T18:18:00Z", "diagnosis": "Coronavirus"}}, {"model": "homepage.timetable", "pk": 456, "fields": {"customer": 130, "doctor": 51, "meetdate": "2022-09-07T14:28:00Z", "diagnosis": "Schizophrenia"}}, {"model": "homepage.timetable", "pk": 457, "fields": {"customer": 23, "doctor": 34, "meetdate": "2021-02-22T14:15:00Z", "diagnosis": "Flu"}}, {"model": "homepage.timetable", "pk": 458, "fields": {"customer": 113, "doctor": 10, "meetdate": "2020-05-20T12:11:00Z", "diagnosis": "Psoriasis"}}, {"model": "homepage.timetable", "pk": 459, "fields": {"customer": 226, "doctor": 3, "meetdate": "2020-04-07T13:49:00Z", "diagnosis": "Hypertension"}}, {"model": "homepage.timetable", "pk": 460, "fields": {"customer": 241, "doctor": 14, "meetdate": "2020-06-20T14:27:00Z", "diagnosis": "Psoriasis"}}, {"model": "homepage.timetable", "pk": 461, "fields": {"customer": 146, "doctor": 25, "meetdate": "2022-07-13T14:18:00Z", "diagnosis": "Schizophrenia"}}, {"model": "homepage.timetable", "pk": 462, "fields": {"customer": 206, "doctor": 37, "meetdate": "2021-05-25T08:02:00Z", "diagnosis": "Psoriasis"}}, {"model": "homepage.timetable", "pk": 463, "fields": {"customer": 66, "doctor": 28, "meetdate": "2020-10-25T17:51:00Z", "diagnosis": "Tachycardia"}}, {"model": "homepage.timetable", "pk": 464, "fields": {"customer": 258, "doctor": 5, "meetdate": "2022-05-10T14:09:00Z", "diagnosis": "Tachycardia"}}, {"model": "homepage.timetable", "pk": 465, "fields": {"customer": 130, "doctor": 27, "meetdate": "2022-05-24T12:26:00Z", "diagnosis": "Flu"}}, {"model": "homepage.timetable", "pk": 466, "fields": {"customer": 110, "doctor": 14, "meetdate": "2020-09-01T12:29:00Z", "diagnosis": "Concussions"}}, {"model": "homepage.timetable", "pk": 467, "fields": {"customer": 23, "doctor": 20, "meetdate": "2020-02-14T11:13:00Z", "diagnosis": "Tachycardia"}}, {"model": "homepage.timetable", "pk": 469, "fields": {"customer": 60, "doctor": 42, "meetdate": "2020-10-18T09:34:00Z", "diagnosis": "Tachycardia"}}, {"model": "homepage.timetable", "pk": 470, "fields": {"customer": 41, "doctor": 5, "meetdate": "2022-08-18T18:06:00Z", "diagnosis": "Concussions"}}, {"model": "homepage.timetable", "pk": 471, "fields": {"customer": 237, "doctor": 50, "meetdate": "2020-09-23T14:04:00Z", "diagnosis": "Tachycardia"}}, {"model": "homepage.timetable", "pk": 472, "fields": {"customer": 202, "doctor": 5, "meetdate": "2021-07-27T19:01:00Z", "diagnosis": "Tachycardia"}}, {"model": "homepage.timetable", "pk": 473, "fields": {"customer": 241, "doctor": 34, "meetdate": "2021-01-17T21:54:00Z", "diagnosis": "Coronavirus"}}, {"model": "homepage.timetable", "pk": 474, "fields": {"customer": 8, "doctor": 14, "meetdate": "2022-07-18T10:26:00Z", "diagnosis": "Hypertension"}}, {"model": "homepage.timetable", "pk": 475, "fields": {"customer": 50, "doctor": 32, "meetdate": "2022-02-12T12:18:00Z", "diagnosis": "Flu"}}, {"model": "homepage.timetable", "pk": 476, "fields": {"customer": 217, "doctor": 40, "meetdate": "2021-05-24T13:28:00Z", "diagnosis": "Concussions"}}, {"model": "homepage.timetable", "pk": 477, "fields": {"customer": 249, "doctor": 28, "meetdate": "2022-06-23T20:49:00Z", "diagnosis": "Coronavirus"}}, {"model": "homepage.timetable", "pk": 478, "fields": {"customer": 199, "doctor": 17, "meetdate": "2022-12-04T11:47:00Z", "diagnosis": "Schizophrenia"}}, {"model": "homepage.timetable", "pk": 480, "fields": {"customer": 99, "doctor": 19, "meetdate": "2022-06-12T18:13:00Z", "diagnosis": "Flu"}}, {"model": "homepage.timetable", "pk": 481, "fields": {"customer": 93, "doctor": 48, "meetdate": "2020-09-08T14:54:00Z", "diagnosis": "Schizophrenia"}}, {"model": "homepage.timetable", "pk": 482, "fields": {"customer": 277, "doctor": 8, "meetdate": "2021-04-19T16:17:00Z", "diagnosis": "Schizophrenia"}}, {"model": "homepage.timetable", "pk": 483, "fields": {"customer": 227, "doctor": 19, "meetdate": "2021-08-03T17:16:00Z", "diagnosis": "Psoriasis"}}, {"model": "homepage.timetable", "pk": 484, "fields": {"customer": 263, "doctor": 22, "meetdate": "2022-04-02T15:57:00Z", "diagnosis": "Schizophrenia"}}, {"model": "homepage.timetable", "pk": 485, "fields": {"customer": 87, "doctor": 21, "meetdate": "2021-05-15T21:07:00Z", "diagnosis": "Psoriasis"}}, {"model": "homepage.timetable", "pk": 486, "fields": {"customer": 269, "doctor": 29, "meetdate": "2021-12-16T12:59:00Z", "diagnosis": "Schizophrenia"}}, {"model": "homepage.timetable", "pk": 487, "fields": {"customer": 126, "doctor": 37, "meetdate": "2020-11-28T14:41:00Z", "diagnosis": "Hypertension"}}, {"model": "homepage.timetable", "pk": 488, "fields": {"customer": 282, "doctor": 21, "meetdate": "2021-02-12T14:16:00Z", "diagnosis": "Hypertension"}}, {"model": "homepage.timetable", "pk": 490, "fields": {"customer": 170, "doctor": 5, "meetdate": "2021-04-06T17:34:00Z", "diagnosis": "Hypertension"}}, {"model": "homepage.timetable", "pk": 491, "fields": {"customer": 85, "doctor": 17, "meetdate": "2020-02-26T10:59:00Z", "diagnosis": "Psoriasis"}}, {"model": "homepage.timetable", "pk": 492, "fields": {"customer": 78, "doctor": 39, "meetdate": "2022-10-13T20:03:00Z", "diagnosis": "Flu"}}, {"model": "homepage.timetable", "pk": 494, "fields": {"customer": 262, "doctor": 43, "meetdate": "2022-04-12T13:19:00Z", "diagnosis": "Tachycardia"}}, {"model": "homepage.timetable", "pk": 495, "fields": {"customer": 235, "doctor": 51, "meetdate": "2022-10-23T17:51:00Z", "diagnosis": "Psoriasis"}}, {"model": "homepage.timetable", "pk": 496, "fields": {"customer": 47, "doctor": 27, "meetdate": "2020-12-07T11:20:00Z", "diagnosis": "Concussions"}}, {"model": "homepage.timetable", "pk": 497, "fields": {"customer": 124, "doctor": 31, "meetdate": "2020-11-07T17:03:00Z", "diagnosis": "Concussions"}}, {"model": "homepage.timetable", "pk": 498, "fields": {"customer": 3, "doctor": 47, "meetdate": "2020-10-01T09:54:00Z", "diagnosis": "Tachycardia"}}, {"model": "homepage.timetable", "pk": 499, "fields": {"customer": 35, "doctor": 30, "meetdate": "2020-06-17T15:39:00Z", "diagnosis": "Tachycardia"}}, {"model": "homepage.timetable", "pk": 500, "fields": {"customer": 172, "doctor": 42, "meetdate": "2021-09-20T11:41:00Z", "diagnosis": "Schizophrenia"}}, {"model": "homepage.timetable", "pk": 501, "fields": {"customer": 156, "doctor": 5, "meetdate": "2022-05-26T19:45:00Z", "diagnosis": "Coronavirus"}}, {"model": "homepage.timetable", "pk": 502, "fields": {"customer": 302, "doctor": 4, "meetdate": "2023-12-24T18:02:00Z", "diagnosis": null}}]